owner,ym,genre,plays,minutes
Or,2018-09,Other,255,236.2
Or,2018-09,Pop,201,192.5
Or,2018-09,Pop Rock,130,98.4
Or,2018-09,World/Israeli,48,39.6
Or,2018-09,Hip-Hop,22,36.2
Or,2018-09,Israeli Pop,22,60.7
Or,2018-09,Electronic/Dance,14,22.4
Or,2018-09,Mizrahi,13,18.1
Or,2018-09,Singer-Songwriter,7,0.8
Or,2018-09,Alternative Rock,3,3.4
Or,2018-09,Israeli Rock,3,0.0
Or,2018-09,R&B/Soul,3,3.4
Or,2018-09,Soundtrack,2,0.1
Or,2018-10,Other,521,568.2
Or,2018-10,Pop,364,331.3
Or,2018-10,Pop Rock,249,258.7
Or,2018-10,World/Israeli,108,129.4
Or,2018-10,Israeli Pop,68,111.3
Or,2018-10,Israeli Rock,34,22.8
Or,2018-10,Alternative Rock,24,31.3
Or,2018-10,Mizrahi,24,26.9
Or,2018-10,Electronic/Dance,23,33.0
Or,2018-10,Soundtrack,17,22.0
Or,2018-10,Hip-Hop,16,10.5
Or,2018-10,Singer-Songwriter,11,13.9
Or,2018-10,R&B/Soul,3,7.9
Or,2018-11,Other,831,1017.5
Or,2018-11,Pop Rock,503,671.3
Or,2018-11,Pop,414,420.1
Or,2018-11,Israeli Pop,150,253.4
Or,2018-11,World/Israeli,100,92.2
Or,2018-11,Mizrahi,46,40.8
Or,2018-11,Alternative Rock,40,20.6
Or,2018-11,Electronic/Dance,36,71.2
Or,2018-11,Hip-Hop,27,29.6
Or,2018-11,Rock,26,35.3
Or,2018-11,R&B/Soul,24,42.5
Or,2018-11,Israeli Rock,19,37.5
Or,2018-11,Singer-Songwriter,12,20.6
Or,2018-11,Soundtrack,7,3.4
Or,2018-11,Latin,5,3.3
Or,2018-12,Other,442,603.5
Or,2018-12,Pop Rock,197,288.1
Or,2018-12,Pop,173,187.2
Or,2018-12,Israeli Pop,80,154.7
Or,2018-12,World/Israeli,49,86.2
Or,2018-12,Mizrahi,41,58.6
Or,2018-12,Rock,40,76.5
Or,2018-12,Alternative Rock,35,46.4
Or,2018-12,Electronic/Dance,29,66.9
Or,2018-12,Hip-Hop,12,18.3
Or,2018-12,R&B/Soul,12,28.4
Or,2018-12,Israeli Rock,9,12.4
Or,2018-12,Singer-Songwriter,9,10.6
Or,2018-12,Soundtrack,9,11.6
Or,2019-01,Other,795,793.9
Or,2019-01,Israeli Pop,238,355.0
Or,2019-01,Pop Rock,237,259.8
Or,2019-01,Pop,175,179.3
Or,2019-01,World/Israeli,75,107.1
Or,2019-01,R&B/Soul,73,86.3
Or,2019-01,Mizrahi,50,70.1
Or,2019-01,Electronic/Dance,28,49.3
Or,2019-01,Alternative Rock,20,17.8
Or,2019-01,Israeli Rock,19,21.5
Or,2019-01,Hip-Hop,17,20.1
Or,2019-01,Singer-Songwriter,11,4.0
Or,2019-01,Rock,10,10.9
Or,2019-01,Soundtrack,5,1.0
Or,2019-01,Latin,4,0.8
Or,2019-02,Other,918,970.1
Or,2019-02,Israeli Pop,230,309.9
Or,2019-02,Pop Rock,207,249.4
Or,2019-02,Pop,158,207.2
Or,2019-02,World/Israeli,150,218.3
Or,2019-02,Mizrahi,93,93.0
Or,2019-02,Electronic/Dance,22,44.7
Or,2019-02,Alternative Rock,21,29.6
Or,2019-02,R&B/Soul,17,36.3
Or,2019-02,Rock,14,41.1
Or,2019-02,Hip-Hop,11,10.1
Or,2019-02,Soundtrack,11,1.6
Or,2019-02,Singer-Songwriter,9,11.1
Or,2019-02,Latin,3,1.7
Or,2019-02,Israeli Rock,2,5.2
Or,2019-03,Other,875,1023.3
Or,2019-03,Israeli Pop,382,608.3
Or,2019-03,Pop Rock,236,281.4
Or,2019-03,World/Israeli,204,182.4
Or,2019-03,Pop,116,93.5
Or,2019-03,Mizrahi,72,60.4
Or,2019-03,R&B/Soul,29,62.5
Or,2019-03,Electronic/Dance,26,59.5
Or,2019-03,Rock,24,25.4
Or,2019-03,Hip-Hop,17,34.6
Or,2019-03,Soundtrack,13,13.8
Or,2019-03,Singer-Songwriter,10,7.7
Or,2019-03,Alternative Rock,9,9.2
Or,2019-03,Israeli Rock,3,5.1
Or,2019-04,Other,704,926.4
Or,2019-04,Israeli Pop,347,648.1
Or,2019-04,World/Israeli,199,192.8
Or,2019-04,Pop Rock,198,282.7
Or,2019-04,Pop,130,165.8
Or,2019-04,Mizrahi,67,85.5
Or,2019-04,R&B/Soul,29,63.0
Or,2019-04,Electronic/Dance,25,61.0
Or,2019-04,Hip-Hop,21,30.0
Or,2019-04,Alternative Rock,16,28.2
Or,2019-04,Rock,15,36.6
Or,2019-04,Soundtrack,15,8.5
Or,2019-04,Singer-Songwriter,13,10.4
Or,2019-04,Israeli Rock,12,18.8
Or,2019-05,Other,742,931.3
Or,2019-05,Israeli Pop,290,526.7
Or,2019-05,Pop Rock,212,290.8
Or,2019-05,World/Israeli,181,184.4
Or,2019-05,Pop,111,135.3
Or,2019-05,Mizrahi,64,77.6
Or,2019-05,Electronic/Dance,29,57.5
Or,2019-05,R&B/Soul,27,54.2
Or,2019-05,Alternative Rock,19,30.6
Or,2019-05,Rock,16,21.4
Or,2019-05,Hip-Hop,9,17.1
Or,2019-05,Israeli Rock,6,8.0
Or,2019-05,Singer-Songwriter,6,6.5
Or,2019-05,Soundtrack,6,8.1
Or,2019-06,Other,644,964.6
Or,2019-06,Israeli Pop,405,693.6
Or,2019-06,Pop Rock,142,245.8
Or,2019-06,World/Israeli,132,223.0
Or,2019-06,Pop,80,135.2
Or,2019-06,Mizrahi,36,54.7
Or,2019-06,Israeli Rock,29,37.2
Or,2019-06,R&B/Soul,28,54.3
Or,2019-06,Electronic/Dance,25,59.3
Or,2019-06,Alternative Rock,12,22.6
Or,2019-06,Rock,10,19.6
Or,2019-06,Singer-Songwriter,9,3.5
Or,2019-06,Soundtrack,7,16.0
Or,2019-06,Hip-Hop,3,5.6
Or,2019-07,Other,432,549.3
Or,2019-07,Israeli Pop,309,448.5
Or,2019-07,Pop Rock,118,160.3
Or,2019-07,World/Israeli,103,73.6
Or,2019-07,Pop,95,123.5
Or,2019-07,Mizrahi,34,47.1
Or,2019-07,R&B/Soul,28,31.1
Or,2019-07,Israeli Rock,20,38.6
Or,2019-07,Electronic/Dance,18,33.8
Or,2019-07,Rock,15,24.7
Or,2019-07,Soundtrack,11,9.3
Or,2019-07,Hip-Hop,10,11.1
Or,2019-07,Alternative Rock,6,10.6
Or,2019-07,Singer-Songwriter,5,2.4
Or,2019-08,Other,565,725.5
Or,2019-08,Israeli Pop,413,471.6
Or,2019-08,Pop Rock,190,197.2
Or,2019-08,Pop,164,245.3
Or,2019-08,World/Israeli,123,104.7
Or,2019-08,R&B/Soul,43,56.5
Or,2019-08,Mizrahi,33,44.7
Or,2019-08,Israeli Rock,31,52.9
Or,2019-08,Electronic/Dance,18,29.2
Or,2019-08,Rock,11,15.2
Or,2019-08,Alternative Rock,10,7.7
Or,2019-08,Soundtrack,7,14.2
Or,2019-08,Hip-Hop,3,4.4
Or,2019-08,Singer-Songwriter,3,0.3
Or,2019-09,Other,489,715.8
Or,2019-09,Israeli Pop,477,673.9
Or,2019-09,Pop Rock,191,264.6
Or,2019-09,World/Israeli,152,157.5
Or,2019-09,Pop,149,209.8
Or,2019-09,Israeli Rock,53,51.4
Or,2019-09,Mizrahi,29,32.0
Or,2019-09,R&B/Soul,22,16.1
Or,2019-09,Electronic/Dance,18,40.7
Or,2019-09,Indie/Alt Pop,16,25.7
Or,2019-09,Hip-Hop,14,11.1
Or,2019-09,Rock,11,16.3
Or,2019-09,Soundtrack,10,9.0
Or,2019-09,Alternative Rock,9,6.8
Or,2019-10,Other,370,628.4
Or,2019-10,Israeli Pop,359,606.2
Or,2019-10,Israeli Rock,205,311.3
Or,2019-10,Pop Rock,176,365.2
Or,2019-10,Pop,136,236.4
Or,2019-10,World/Israeli,95,159.4
Or,2019-10,Electronic/Dance,19,33.5
Or,2019-10,Rock,16,42.2
Or,2019-10,Mizrahi,13,26.3
Or,2019-10,Soundtrack,12,22.9
Or,2019-10,R&B/Soul,10,23.3
Or,2019-10,Alternative Rock,8,17.9
Or,2019-10,Hip-Hop,1,4.6
Or,2019-11,Other,393,565.9
Or,2019-11,Israeli Pop,265,438.2
Or,2019-11,Pop Rock,184,286.4
Or,2019-11,Israeli Rock,131,246.8
Or,2019-11,Pop,89,159.8
Or,2019-11,World/Israeli,75,112.8
Or,2019-11,Mizrahi,24,20.1
Or,2019-11,R&B/Soul,18,26.0
Or,2019-11,Electronic/Dance,15,23.3
Or,2019-11,Soundtrack,13,20.3
Or,2019-11,Alternative Rock,11,16.0
Or,2019-11,Rock,11,18.3
Or,2019-11,Hip-Hop,3,9.5
Or,2019-11,Indie/Alt Pop,3,6.2
Or,2019-12,Other,300,466.4
Or,2019-12,Israeli Pop,215,359.6
Or,2019-12,Pop,101,169.5
Or,2019-12,Pop Rock,93,170.8
Or,2019-12,World/Israeli,61,90.4
Or,2019-12,Israeli Rock,59,124.6
Or,2019-12,Alternative Rock,16,24.5
Or,2019-12,Electronic/Dance,14,23.7
Or,2019-12,R&B/Soul,12,20.0
Or,2019-12,Rock,10,13.4
Or,2019-12,Mizrahi,7,11.6
Or,2019-12,Hip-Hop,4,12.8
Or,2019-12,Soundtrack,2,3.3
Or,2019-12,Indie/Alt Pop,1,3.5
Or,2020-01,Other,538,762.9
Or,2020-01,Israeli Pop,382,585.6
Or,2020-01,Pop Rock,205,335.2
Or,2020-01,Pop,161,241.9
Or,2020-01,Israeli Rock,142,260.1
Or,2020-01,World/Israeli,131,158.0
Or,2020-01,Mizrahi,32,36.2
Or,2020-01,Alternative Rock,24,44.0
Or,2020-01,R&B/Soul,22,29.5
Or,2020-01,Electronic/Dance,17,23.0
Or,2020-01,Soundtrack,13,5.3
Or,2020-01,Hip-Hop,12,25.1
Or,2020-01,Indie/Alt Pop,12,22.6
Or,2020-01,Rock,12,17.1
Or,2020-02,Other,664,741.9
Or,2020-02,Israeli Pop,423,520.5
Or,2020-02,Pop Rock,209,296.9
Or,2020-02,Pop,167,226.8
Or,2020-02,Israeli Rock,118,197.6
Or,2020-02,World/Israeli,113,96.2
Or,2020-02,Alternative Rock,26,34.1
Or,2020-02,Mizrahi,21,23.4
Or,2020-02,Electronic/Dance,19,14.5
Or,2020-02,R&B/Soul,17,25.4
Or,2020-02,Hip-Hop,14,25.4
Or,2020-02,Indie/Alt Pop,14,32.9
Or,2020-02,Rock,13,17.2
Or,2020-02,Soundtrack,11,8.8
Or,2020-03,Other,420,519.2
Or,2020-03,Israeli Pop,312,381.5
Or,2020-03,Pop,135,226.9
Or,2020-03,Pop Rock,112,149.8
Or,2020-03,Israeli Rock,100,159.6
Or,2020-03,World/Israeli,75,97.8
Or,2020-03,Alternative Rock,26,31.6
Or,2020-03,Mizrahi,16,12.9
Or,2020-03,Electronic/Dance,12,17.3
Or,2020-03,R&B/Soul,10,16.1
Or,2020-03,Hip-Hop,9,17.3
Or,2020-03,Soundtrack,9,6.4
Or,2020-03,Indie/Alt Pop,8,24.6
Or,2020-03,Rock,8,2.0
Or,2020-04,Other,222,237.1
Or,2020-04,Israeli Pop,145,210.0
Or,2020-04,Pop,79,121.7
Or,2020-04,Pop Rock,63,92.6
Or,2020-04,World/Israeli,59,40.2
Or,2020-04,Israeli Rock,44,79.7
Or,2020-04,Alternative Rock,8,15.6
Or,2020-04,Electronic/Dance,8,7.6
Or,2020-04,Indie/Alt Pop,5,8.5
Or,2020-04,R&B/Soul,5,7.3
Or,2020-04,Soundtrack,5,5.8
Or,2020-04,Hip-Hop,4,13.4
Or,2020-04,Mizrahi,4,9.4
Or,2020-04,Rock,4,1.4
Or,2020-05,Other,358,460.3
Or,2020-05,Israeli Pop,239,339.0
Or,2020-05,Pop Rock,126,204.6
Or,2020-05,Pop,108,121.7
Or,2020-05,Israeli Rock,59,117.7
Or,2020-05,World/Israeli,49,73.2
Or,2020-05,Alternative Rock,24,27.1
Or,2020-05,Soundtrack,16,44.9
Or,2020-05,Indie/Alt Pop,13,25.9
Or,2020-05,R&B/Soul,13,21.2
Or,2020-05,Electronic/Dance,11,15.2
Or,2020-05,Hip-Hop,7,13.7
Or,2020-05,Rock,7,6.2
Or,2020-05,Singer-Songwriter,7,2.5
Or,2020-05,Mizrahi,4,9.2
Or,2020-06,Other,369,448.5
Or,2020-06,Israeli Pop,294,284.0
Or,2020-06,Pop,244,364.7
Or,2020-06,Pop Rock,166,218.8
Or,2020-06,World/Israeli,76,71.1
Or,2020-06,Israeli Rock,72,103.9
Or,2020-06,R&B/Soul,16,11.4
Or,2020-06,Soundtrack,16,36.4
Or,2020-06,Alternative Rock,11,6.9
Or,2020-06,Rock,11,19.8
Or,2020-06,Hip-Hop,9,22.7
Or,2020-06,Electronic/Dance,8,3.2
Or,2020-06,Indie/Alt Pop,5,17.0
Or,2020-06,Mizrahi,5,6.5
Or,2020-06,Singer-Songwriter,1,3.9
Or,2020-07,Other,454,529.5
Or,2020-07,Israeli Pop,277,291.2
Or,2020-07,Pop,193,297.4
Or,2020-07,Pop Rock,137,191.8
Or,2020-07,World/Israeli,62,88.9
Or,2020-07,Israeli Rock,59,92.4
Or,2020-07,Alternative Rock,19,31.4
Or,2020-07,Electronic/Dance,16,14.2
Or,2020-07,Soundtrack,16,26.3
Or,2020-07,Indie/Alt Pop,15,29.8
Or,2020-07,Rock,14,35.5
Or,2020-07,Mizrahi,8,6.3
Or,2020-07,R&B/Soul,7,6.3
Or,2020-07,Hip-Hop,3,4.0
Or,2020-07,Singer-Songwriter,1,0.3
Or,2020-08,Other,393,559.9
Or,2020-08,Israeli Pop,225,286.8
Or,2020-08,Pop,221,319.8
Or,2020-08,Pop Rock,139,227.6
Or,2020-08,Israeli Rock,69,96.6
Or,2020-08,World/Israeli,62,111.8
Or,2020-08,Alternative Rock,19,34.2
Or,2020-08,Rock,15,14.0
Or,2020-08,Mizrahi,14,13.1
Or,2020-08,Electronic/Dance,12,14.8
Or,2020-08,Soundtrack,12,25.2
Or,2020-08,R&B/Soul,9,18.5
Or,2020-08,Hip-Hop,8,13.9
Or,2020-08,Indie/Alt Pop,7,17.1
Or,2020-08,Singer-Songwriter,3,2.8
Or,2020-09,Other,151,262.6
Or,2020-09,Israeli Pop,137,255.5
Or,2020-09,Pop,103,192.6
Or,2020-09,Pop Rock,62,115.0
Or,2020-09,World/Israeli,19,43.3
Or,2020-09,Israeli Rock,17,38.1
Or,2020-09,Hip-Hop,9,11.8
Or,2020-09,Rock,6,8.0
Or,2020-09,Singer-Songwriter,6,14.4
Or,2020-09,Soundtrack,6,11.6
Or,2020-09,Alternative Rock,5,10.3
Or,2020-09,Indie/Alt Pop,4,10.3
Or,2020-09,Electronic/Dance,3,4.0
Or,2020-09,R&B/Soul,2,2.0
Or,2020-09,Mizrahi,1,0.0
Or,2020-10,Other,187,338.9
Or,2020-10,Pop,109,216.0
Or,2020-10,Israeli Pop,100,160.7
Or,2020-10,Pop Rock,80,102.6
Or,2020-10,World/Israeli,37,85.2
Or,2020-10,Israeli Rock,26,48.0
Or,2020-10,Soundtrack,13,18.2
Or,2020-10,Alternative Rock,7,11.9
Or,2020-10,R&B/Soul,6,13.1
Or,2020-10,Rock,6,9.0
Or,2020-10,Electronic/Dance,5,7.0
Or,2020-10,Indie/Alt Pop,4,11.2
Or,2020-10,Mizrahi,4,2.9
Or,2020-10,Hip-Hop,2,3.6
Or,2020-10,Singer-Songwriter,2,2.1
Or,2020-11,Other,162,252.0
Or,2020-11,Israeli Pop,107,150.7
Or,2020-11,Pop,77,134.1
Or,2020-11,Pop Rock,53,123.8
Or,2020-11,World/Israeli,27,50.4
Or,2020-11,Israeli Rock,23,46.1
Or,2020-11,Soundtrack,17,29.5
Or,2020-11,Mizrahi,13,14.7
Or,2020-11,Alternative Rock,11,18.5
Or,2020-11,R&B/Soul,10,18.7
Or,2020-11,Electronic/Dance,7,2.4
Or,2020-11,Indie/Alt Pop,5,10.3
Or,2020-11,Rock,4,3.9
Or,2020-12,Other,133,216.2
Or,2020-12,Israeli Pop,105,188.1
Or,2020-12,Pop Rock,66,151.3
Or,2020-12,Pop,63,134.8
Or,2020-12,Israeli Rock,56,101.5
Or,2020-12,World/Israeli,44,90.8
Or,2020-12,Electronic/Dance,10,16.5
Or,2020-12,Alternative Rock,9,17.2
Or,2020-12,Soundtrack,7,21.1
Or,2020-12,Indie/Alt Pop,4,13.5
Or,2020-12,Mizrahi,4,10.7
Or,2020-12,Hip-Hop,3,7.2
Or,2020-12,Rock,2,4.8
Or,2020-12,R&B/Soul,1,3.5
Or,2021-01,Other,75,177.9
Or,2021-01,Israeli Pop,43,94.3
Or,2021-01,Pop,38,94.1
Or,2021-01,Pop Rock,35,87.3
Or,2021-01,Israeli Rock,18,43.3
Or,2021-01,World/Israeli,16,44.2
Or,2021-01,Mizrahi,5,13.2
Or,2021-01,Rock,5,3.0
Or,2021-01,Alternative Rock,3,8.7
Or,2021-01,Indie/Alt Pop,3,6.9
Or,2021-01,Soundtrack,3,10.0
Or,2021-01,Electronic/Dance,2,3.4
Or,2021-01,R&B/Soul,2,9.4
Or,2021-02,Other,205,344.9
Or,2021-02,Israeli Pop,130,225.7
Or,2021-02,Pop Rock,73,121.0
Or,2021-02,Pop,71,160.5
Or,2021-02,Israeli Rock,36,61.9
Or,2021-02,World/Israeli,32,78.6
Or,2021-02,Soundtrack,9,22.9
Or,2021-02,Alternative Rock,7,17.8
Or,2021-02,Mizrahi,4,6.7
Or,2021-02,Rock,4,11.0
Or,2021-02,Electronic/Dance,3,6.5
Or,2021-02,Indie/Alt Pop,3,10.2
Or,2021-02,R&B/Soul,2,4.4
Or,2021-02,Hip-Hop,1,4.6
Or,2021-03,Other,227,396.6
Or,2021-03,Israeli Pop,169,315.7
Or,2021-03,Pop,123,258.2
Or,2021-03,Pop Rock,109,207.1
Or,2021-03,World/Israeli,53,112.4
Or,2021-03,Israeli Rock,48,95.3
Or,2021-03,Alternative Rock,11,28.4
Or,2021-03,Electronic/Dance,9,23.7
Or,2021-03,Mizrahi,8,18.4
Or,2021-03,Rock,6,12.4
Or,2021-03,Indie/Alt Pop,5,13.7
Or,2021-03,Soundtrack,5,9.9
Or,2021-03,Hip-Hop,3,8.2
Or,2021-03,R&B/Soul,3,3.5
Or,2021-04,Other,328,451.3
Or,2021-04,Israeli Pop,211,260.6
Or,2021-04,Pop,188,362.4
Or,2021-04,Pop Rock,132,188.6
Or,2021-04,Israeli Rock,97,158.3
Or,2021-04,Indie/Alt Pop,61,85.8
Or,2021-04,World/Israeli,48,96.8
Or,2021-04,Alternative Rock,15,24.2
Or,2021-04,Electronic/Dance,12,20.2
Or,2021-04,Rock,12,16.3
Or,2021-04,Soundtrack,12,23.6
Or,2021-04,Mizrahi,9,9.8
Or,2021-04,R&B/Soul,7,14.2
Or,2021-04,Hip-Hop,3,8.5
Or,2021-04,Singer-Songwriter,2,4.6
Or,2021-05,Other,250,401.4
Or,2021-05,Israeli Pop,101,153.5
Or,2021-05,Pop Rock,78,106.1
Or,2021-05,Pop,74,145.1
Or,2021-05,World/Israeli,51,84.2
Or,2021-05,Israeli Rock,41,77.2
Or,2021-05,Indie/Alt Pop,17,31.0
Or,2021-05,Singer-Songwriter,15,36.3
Or,2021-05,Electronic/Dance,13,14.0
Or,2021-05,Rock,12,13.9
Or,2021-05,Soundtrack,10,19.4
Or,2021-05,Alternative Rock,9,23.1
Or,2021-05,R&B/Soul,6,10.2
Or,2021-05,Mizrahi,4,5.4
Or,2021-05,Hip-Hop,2,1.4
Or,2021-06,Other,317,365.6
Or,2021-06,Israeli Pop,153,156.4
Or,2021-06,Pop,98,147.8
Or,2021-06,Pop Rock,68,78.6
Or,2021-06,Israeli Rock,48,84.8
Or,2021-06,World/Israeli,34,40.8
Or,2021-06,Indie/Alt Pop,26,57.0
Or,2021-06,Soundtrack,12,15.1
Or,2021-06,K/J-Pop,10,13.1
Or,2021-06,R&B/Soul,10,13.4
Or,2021-06,Alternative Rock,8,14.1
Or,2021-06,Electronic/Dance,8,3.5
Or,2021-06,Rock,7,10.5
Or,2021-06,Hip-Hop,4,2.7
Or,2021-06,Mizrahi,3,3.6
Or,2021-07,Other,380,442.5
Or,2021-07,Israeli Pop,181,186.1
Or,2021-07,Pop,162,272.7
Or,2021-07,Pop Rock,131,148.4
Or,2021-07,Israeli Rock,89,190.6
Or,2021-07,World/Israeli,64,97.4
Or,2021-07,Indie/Alt Pop,53,129.0
Or,2021-07,Alternative Rock,20,25.2
Or,2021-07,R&B/Soul,15,46.1
Or,2021-07,Soundtrack,13,23.7
Or,2021-07,Mizrahi,9,8.1
Or,2021-07,Electronic/Dance,8,10.9
Or,2021-07,K/J-Pop,8,6.3
Or,2021-07,Hip-Hop,7,8.9
Or,2021-07,Rock,2,3.7
Or,2021-07,Latin,1,0.1
Or,2021-08,Other,323,459.5
Or,2021-08,Israeli Pop,154,196.6
Or,2021-08,Pop,147,253.0
Or,2021-08,Pop Rock,89,151.9
Or,2021-08,Israeli Rock,64,114.4
Or,2021-08,Indie/Alt Pop,58,115.3
Or,2021-08,World/Israeli,52,70.1
Or,2021-08,R&B/Soul,28,48.8
Or,2021-08,Alternative Rock,19,29.1
Or,2021-08,Electronic/Dance,7,7.0
Or,2021-08,Soundtrack,7,8.2
Or,2021-08,Rock,5,3.1
Or,2021-08,Hip-Hop,3,6.3
Or,2021-08,Mizrahi,3,0.3
Or,2021-08,K/J-Pop,2,0.9
Or,2021-09,Other,444,634.8
Or,2021-09,Pop,206,325.1
Or,2021-09,Pop Rock,197,282.3
Or,2021-09,Israeli Pop,179,286.3
Or,2021-09,Israeli Rock,119,219.5
Or,2021-09,Indie/Alt Pop,82,153.5
Or,2021-09,World/Israeli,58,91.1
Or,2021-09,R&B/Soul,38,70.5
Or,2021-09,Alternative Rock,31,52.9
Or,2021-09,Soundtrack,19,29.2
Or,2021-09,Electronic/Dance,13,9.4
Or,2021-09,K/J-Pop,8,9.1
Or,2021-09,Rock,7,10.4
Or,2021-09,Mizrahi,4,0.0
Or,2021-09,Hip-Hop,1,0.0
Or,2021-10,Other,375,630.0
Or,2021-10,Israeli Pop,181,308.5
Or,2021-10,Pop Rock,167,283.7
Or,2021-10,Pop,166,299.7
Or,2021-10,Israeli Rock,88,194.9
Or,2021-10,Indie/Alt Pop,63,139.9
Or,2021-10,World/Israeli,55,144.3
Or,2021-10,R&B/Soul,27,63.3
Or,2021-10,Alternative Rock,26,47.2
Or,2021-10,Soundtrack,18,50.7
Or,2021-10,K/J-Pop,8,15.1
Or,2021-10,Rock,5,9.6
Or,2021-10,Electronic/Dance,3,9.8
Or,2021-10,Hip-Hop,3,8.2
Or,2021-10,Singer-Songwriter,1,3.9
Or,2021-11,Other,523,998.1
Or,2021-11,Pop,235,431.4
Or,2021-11,Israeli Pop,211,319.5
Or,2021-11,Pop Rock,193,312.5
Or,2021-11,Indie/Alt Pop,100,194.3
Or,2021-11,World/Israeli,98,149.0
Or,2021-11,Israeli Rock,94,176.1
Or,2021-11,R&B/Soul,52,134.9
Or,2021-11,Alternative Rock,23,62.2
Or,2021-11,Electronic/Dance,8,17.1
Or,2021-11,Rock,7,16.2
Or,2021-11,Soundtrack,7,19.5
Or,2021-11,K/J-Pop,5,4.8
Or,2021-11,Hip-Hop,3,3.6
Or,2021-12,Other,420,684.3
Or,2021-12,Pop,230,439.0
Or,2021-12,Israeli Pop,209,335.5
Or,2021-12,Pop Rock,207,419.5
Or,2021-12,Israeli Rock,104,203.6
Or,2021-12,Indie/Alt Pop,93,173.1
Or,2021-12,World/Israeli,85,164.3
Or,2021-12,R&B/Soul,54,113.5
Or,2021-12,Alternative Rock,33,72.0
Or,2021-12,Rock,18,28.8
Or,2021-12,Soundtrack,14,44.3
Or,2021-12,Electronic/Dance,10,11.1
Or,2021-12,K/J-Pop,8,9.4
Or,2021-12,Hip-Hop,4,11.5
Or,2021-12,Singer-Songwriter,1,0.0
Or,2022-01,Other,335,579.7
Or,2022-01,Pop,191,387.6
Or,2022-01,Pop Rock,155,334.7
Or,2022-01,Israeli Pop,132,235.9
Or,2022-01,Israeli Rock,70,128.8
Or,2022-01,World/Israeli,69,166.4
Or,2022-01,Indie/Alt Pop,49,99.1
Or,2022-01,R&B/Soul,41,102.0
Or,2022-01,Alternative Rock,32,71.0
Or,2022-01,Rock,11,25.1
Or,2022-01,Electronic/Dance,8,9.8
Or,2022-01,Soundtrack,7,20.1
Or,2022-01,Hip-Hop,3,9.2
Or,2022-01,K/J-Pop,2,3.3
Or,2022-01,Mizrahi,2,3.8
Or,2022-02,Other,458,677.0
Or,2022-02,Pop,232,511.0
Or,2022-02,Israeli Pop,189,311.2
Or,2022-02,Pop Rock,156,302.2
Or,2022-02,Israeli Rock,63,109.2
Or,2022-02,Indie/Alt Pop,50,108.3
Or,2022-02,R&B/Soul,48,93.2
Or,2022-02,World/Israeli,45,104.1
Or,2022-02,Alternative Rock,44,100.5
Or,2022-02,Rock,38,58.7
Or,2022-02,Soundtrack,15,31.7
Or,2022-02,Hip-Hop,7,14.7
Or,2022-02,K/J-Pop,4,3.3
Or,2022-02,Electronic/Dance,3,0.2
Or,2022-02,Mizrahi,2,3.7
Or,2022-03,Other,92,198.7
Or,2022-03,Pop,61,163.3
Or,2022-03,Pop Rock,60,122.8
Or,2022-03,Israeli Pop,35,78.0
Or,2022-03,Indie/Alt Pop,22,57.3
Or,2022-03,Alternative Rock,21,50.8
Or,2022-03,World/Israeli,20,54.5
Or,2022-03,Israeli Rock,9,24.1
Or,2022-03,R&B/Soul,9,27.1
Or,2022-03,Electronic/Dance,4,5.7
Or,2022-03,Rock,3,12.0
Or,2022-03,Soundtrack,3,5.3
Or,2022-03,Hip-Hop,2,0.4
Or,2022-04,Other,296,586.3
Or,2022-04,Pop,215,460.7
Or,2022-04,Israeli Pop,113,246.2
Or,2022-04,Pop Rock,101,198.5
Or,2022-04,World/Israeli,67,175.3
Or,2022-04,Indie/Alt Pop,39,59.1
Or,2022-04,Israeli Rock,38,72.7
Or,2022-04,Alternative Rock,31,64.6
Or,2022-04,R&B/Soul,28,73.1
Or,2022-04,Rock,22,77.0
Or,2022-04,Soundtrack,7,22.0
Or,2022-04,Mizrahi,5,0.3
Or,2022-04,Electronic/Dance,4,0.3
Or,2022-04,Hip-Hop,2,3.6
Or,2022-04,K/J-Pop,1,2.7
Or,2022-05,Other,491,1060.4
Or,2022-05,Pop,224,546.2
Or,2022-05,Israeli Pop,187,380.6
Or,2022-05,Pop Rock,182,375.1
Or,2022-05,Rock,131,311.0
Or,2022-05,World/Israeli,83,180.9
Or,2022-05,Israeli Rock,75,114.3
Or,2022-05,Alternative Rock,61,137.3
Or,2022-05,Indie/Alt Pop,59,137.4
Or,2022-05,R&B/Soul,57,109.7
Or,2022-05,Soundtrack,27,45.0
Or,2022-05,Electronic/Dance,9,23.7
Or,2022-05,Hip-Hop,6,19.9
Or,2022-05,Mizrahi,6,14.5
Or,2022-05,K/J-Pop,3,6.1
Or,2022-06,Other,376,809.2
Or,2022-06,Pop,248,523.0
Or,2022-06,Pop Rock,188,370.0
Or,2022-06,Israeli Pop,181,382.8
Or,2022-06,World/Israeli,90,223.9
Or,2022-06,Israeli Rock,86,148.8
Or,2022-06,Rock,61,170.4
Or,2022-06,Alternative Rock,55,117.5
Or,2022-06,R&B/Soul,47,103.8
Or,2022-06,Indie/Alt Pop,38,78.9
Or,2022-06,Soundtrack,11,36.2
Or,2022-06,Hip-Hop,9,10.1
Or,2022-06,Electronic/Dance,7,14.0
Or,2022-06,K/J-Pop,5,7.6
Or,2022-06,Mizrahi,1,3.6
Or,2022-07,Other,466,1349.7
Or,2022-07,Pop Rock,180,415.4
Or,2022-07,Pop,144,379.6
Or,2022-07,Israeli Pop,125,293.1
Or,2022-07,World/Israeli,51,149.2
Or,2022-07,Alternative Rock,43,92.2
Or,2022-07,Indie/Alt Pop,38,77.2
Or,2022-07,Israeli Rock,34,74.2
Or,2022-07,R&B/Soul,33,82.6
Or,2022-07,Rock,26,77.5
Or,2022-07,Electronic/Dance,12,20.5
Or,2022-07,Soundtrack,7,18.1
Or,2022-07,K/J-Pop,4,9.4
Or,2022-07,Hip-Hop,2,7.2
Or,2022-07,Mizrahi,1,0.0
Or,2022-08,Other,284,585.5
Or,2022-08,Pop Rock,169,261.8
Or,2022-08,Pop,134,213.1
Or,2022-08,Israeli Pop,98,97.5
Or,2022-08,Indie/Alt Pop,55,100.7
Or,2022-08,R&B/Soul,32,46.8
Or,2022-08,World/Israeli,29,50.3
Or,2022-08,Alternative Rock,25,39.2
Or,2022-08,Israeli Rock,24,30.0
Or,2022-08,Rock,21,55.6
Or,2022-08,Soundtrack,11,15.3
Or,2022-08,Electronic/Dance,7,8.5
Or,2022-08,Hip-Hop,2,4.4
Or,2022-08,K/J-Pop,1,0.0
Or,2022-08,Mizrahi,1,0.1
Or,2022-09,Other,251,438.8
Or,2022-09,Pop Rock,164,326.5
Or,2022-09,Pop,121,247.3
Or,2022-09,Israeli Pop,111,162.0
Or,2022-09,Indie/Alt Pop,51,91.7
Or,2022-09,World/Israeli,49,120.7
Or,2022-09,Israeli Rock,34,55.0
Or,2022-09,Rock,33,63.6
Or,2022-09,R&B/Soul,27,45.8
Or,2022-09,Alternative Rock,25,39.5
Or,2022-09,Soundtrack,9,17.9
Or,2022-09,Electronic/Dance,5,3.4
Or,2022-09,K/J-Pop,4,2.9
Or,2022-09,Mizrahi,3,7.1
Or,2022-10,Other,365,564.1
Or,2022-10,Israeli Pop,143,206.8
Or,2022-10,Pop,143,331.1
Or,2022-10,Pop Rock,142,172.0
Or,2022-10,World/Israeli,54,81.3
Or,2022-10,Israeli Rock,39,64.4
Or,2022-10,Rock,30,67.7
Or,2022-10,Indie/Alt Pop,27,38.3
Or,2022-10,R&B/Soul,26,59.1
Or,2022-10,Mizrahi,19,30.3
Or,2022-10,Alternative Rock,12,23.0
Or,2022-10,Soundtrack,9,12.7
Or,2022-10,Electronic/Dance,5,4.4
Or,2022-10,K/J-Pop,3,0.1
Or,2022-10,Hip-Hop,2,0.0
Or,2022-11,Other,240,453.4
Or,2022-11,Pop,148,336.8
Or,2022-11,Pop Rock,114,208.1
Or,2022-11,Israeli Pop,94,174.0
Or,2022-11,Indie/Alt Pop,39,68.9
Or,2022-11,World/Israeli,39,93.1
Or,2022-11,Israeli Rock,34,69.1
Or,2022-11,Alternative Rock,24,54.3
Or,2022-11,Rock,20,49.0
Or,2022-11,R&B/Soul,15,42.3
Or,2022-11,Electronic/Dance,8,12.9
Or,2022-11,Mizrahi,8,12.8
Or,2022-11,Soundtrack,8,20.2
Or,2022-11,Hip-Hop,4,9.2
Or,2022-12,Other,321,571.1
Or,2022-12,Pop Rock,192,343.3
Or,2022-12,Pop,147,320.8
Or,2022-12,Israeli Pop,145,253.0
Or,2022-12,World/Israeli,62,131.9
Or,2022-12,Israeli Rock,61,125.9
Or,2022-12,Alternative Rock,38,59.2
Or,2022-12,Indie/Alt Pop,38,100.8
Or,2022-12,Rock,36,90.2
Or,2022-12,R&B/Soul,23,57.1
Or,2022-12,Soundtrack,11,27.9
Or,2022-12,Electronic/Dance,8,23.1
Or,2022-12,Mizrahi,7,8.1
Or,2022-12,Hip-Hop,6,11.8
Or,2022-12,K/J-Pop,2,3.3
Or,2023-01,Other,506,926.4
Or,2023-01,Pop,295,594.8
Or,2023-01,Pop Rock,250,442.2
Or,2023-01,Israeli Pop,201,280.8
Or,2023-01,World/Israeli,96,191.3
Or,2023-01,Israeli Rock,85,181.2
Or,2023-01,Alternative Rock,65,97.4
Or,2023-01,Rock,61,114.3
Or,2023-01,Indie/Alt Pop,56,109.3
Or,2023-01,R&B/Soul,53,134.8
Or,2023-01,Soundtrack,18,44.4
Or,2023-01,Electronic/Dance,14,19.9
Or,2023-01,Mizrahi,13,14.2
Or,2023-01,K/J-Pop,7,8.3
Or,2023-01,Hip-Hop,6,12.1
Or,2023-01,Singer-Songwriter,3,9.2
Or,2023-02,Other,320,722.3
Or,2023-02,Pop,196,440.0
Or,2023-02,Pop Rock,193,404.9
Or,2023-02,Israeli Pop,131,239.3
Or,2023-02,World/Israeli,95,253.6
Or,2023-02,Indie/Alt Pop,62,139.3
Or,2023-02,Israeli Rock,49,131.6
Or,2023-02,R&B/Soul,44,97.8
Or,2023-02,Alternative Rock,37,82.0
Or,2023-02,Rock,36,90.5
Or,2023-02,Soundtrack,11,18.7
Or,2023-02,Electronic/Dance,7,6.8
Or,2023-02,Mizrahi,6,5.4
Or,2023-02,K/J-Pop,5,1.6
Or,2023-02,Hip-Hop,2,3.6
Or,2023-03,Other,378,822.0
Or,2023-03,Pop,116,297.9
Or,2023-03,Pop Rock,101,200.3
Or,2023-03,Israeli Pop,88,158.4
Or,2023-03,World/Israeli,51,133.7
Or,2023-03,Israeli Rock,47,97.4
Or,2023-03,R&B/Soul,47,101.6
Or,2023-03,Indie/Alt Pop,34,62.4
Or,2023-03,Rock,29,62.6
Or,2023-03,Alternative Rock,23,37.8
Or,2023-03,Electronic/Dance,13,12.3
Or,2023-03,Soundtrack,12,17.7
Or,2023-03,Mizrahi,3,7.3
Or,2023-03,Hip-Hop,2,6.1
Or,2023-03,K/J-Pop,2,2.7
Or,2023-03,Singer-Songwriter,2,6.9
Or,2023-04,Other,412,642.4
Or,2023-04,Pop,243,508.7
Or,2023-04,Pop Rock,153,263.6
Or,2023-04,Israeli Pop,126,223.3
Or,2023-04,World/Israeli,69,136.5
Or,2023-04,Alternative Rock,49,53.1
Or,2023-04,Indie/Alt Pop,47,97.0
Or,2023-04,Israeli Rock,45,79.7
Or,2023-04,R&B/Soul,41,87.6
Or,2023-04,Rock,36,97.3
Or,2023-04,Soundtrack,11,26.1
Or,2023-04,Electronic/Dance,7,6.7
Or,2023-04,Hip-Hop,6,8.3
Or,2023-04,Mizrahi,3,3.1
Or,2023-04,K/J-Pop,1,3.3
Or,2023-04,Singer-Songwriter,1,2.6
Or,2023-05,Other,393,722.2
Or,2023-05,Pop,246,535.0
Or,2023-05,Pop Rock,135,329.6
Or,2023-05,Israeli Pop,115,202.5
Or,2023-05,World/Israeli,69,178.2
Or,2023-05,Israeli Rock,51,117.6
Or,2023-05,Indie/Alt Pop,46,115.2
Or,2023-05,Alternative Rock,33,71.5
Or,2023-05,R&B/Soul,33,54.1
Or,2023-05,Rock,33,84.4
Or,2023-05,Soundtrack,8,19.8
Or,2023-05,Electronic/Dance,6,8.8
Or,2023-05,K/J-Pop,3,2.8
Or,2023-05,Mizrahi,3,6.3
Or,2023-05,Hip-Hop,2,6.7
Or,2023-06,Other,295,589.0
Or,2023-06,Pop,162,348.2
Or,2023-06,Pop Rock,127,211.3
Or,2023-06,Israeli Pop,84,169.4
Or,2023-06,World/Israeli,68,129.6
Or,2023-06,Alternative Rock,31,69.4
Or,2023-06,R&B/Soul,26,54.0
Or,2023-06,Israeli Rock,25,59.7
Or,2023-06,Indie/Alt Pop,23,54.9
Or,2023-06,Rock,20,65.9
Or,2023-06,Mizrahi,10,14.3
Or,2023-06,Soundtrack,10,27.3
Or,2023-06,K/J-Pop,6,6.1
Or,2023-06,Electronic/Dance,4,9.9
Or,2023-06,Hip-Hop,3,7.9
Or,2023-07,Other,202,437.4
Or,2023-07,Pop,142,279.3
Or,2023-07,Pop Rock,128,241.0
Or,2023-07,Israeli Pop,90,188.4
Or,2023-07,Israeli Rock,36,83.5
Or,2023-07,Alternative Rock,29,66.4
Or,2023-07,World/Israeli,28,89.3
Or,2023-07,Indie/Alt Pop,25,75.5
Or,2023-07,R&B/Soul,15,29.9
Or,2023-07,Rock,10,39.7
Or,2023-07,Mizrahi,4,8.0
Or,2023-07,Soundtrack,4,8.0
Or,2023-07,K/J-Pop,3,3.4
Or,2023-07,Hip-Hop,2,7.9
Or,2023-07,Electronic/Dance,1,3.2
Or,2023-08,Pop Rock,381,760.9
Or,2023-08,Other,300,641.0
Or,2023-08,Pop,119,258.4
Or,2023-08,Israeli Pop,91,140.4
Or,2023-08,Israeli Rock,61,113.4
Or,2023-08,World/Israeli,55,106.9
Or,2023-08,Alternative Rock,33,60.5
Or,2023-08,R&B/Soul,23,46.5
Or,2023-08,Indie/Alt Pop,20,49.2
Or,2023-08,Rock,20,55.9
Or,2023-08,K/J-Pop,3,0.2
Or,2023-08,Mizrahi,3,5.7
Or,2023-08,Soundtrack,3,13.9
Or,2023-08,Electronic/Dance,2,4.0
Or,2023-08,Hip-Hop,1,4.3
Or,2023-09,Other,359,726.7
Or,2023-09,Pop Rock,273,711.0
Or,2023-09,Pop,107,199.5
Or,2023-09,Israeli Pop,84,136.1
Or,2023-09,Alternative Rock,39,58.2
Or,2023-09,Israeli Rock,38,72.3
Or,2023-09,Indie/Alt Pop,32,50.4
Or,2023-09,World/Israeli,23,51.2
Or,2023-09,Rock,12,27.7
Or,2023-09,R&B/Soul,10,31.0
Or,2023-09,Soundtrack,10,19.4
Or,2023-09,Hip-Hop,4,9.0
Or,2023-09,K/J-Pop,3,0.5
Or,2023-09,Mizrahi,3,8.3
Or,2023-09,Electronic/Dance,1,3.2
Or,2023-10,Other,175,386.7
Or,2023-10,Pop Rock,164,365.3
Or,2023-10,Pop,110,223.2
Or,2023-10,Israeli Pop,68,134.5
Or,2023-10,Indie/Alt Pop,28,63.3
Or,2023-10,World/Israeli,27,80.9
Or,2023-10,Alternative Rock,21,38.5
Or,2023-10,Israeli Rock,19,47.7
Or,2023-10,R&B/Soul,19,36.6
Or,2023-10,Rock,17,52.6
Or,2023-10,Soundtrack,7,15.2
Or,2023-10,Electronic/Dance,5,7.0
Or,2023-10,Mizrahi,4,8.3
Or,2023-10,Hip-Hop,2,4.3
Or,2023-10,K/J-Pop,1,0.1
Or,2023-11,Other,288,601.9
Or,2023-11,Pop,238,537.7
Or,2023-11,Pop Rock,237,535.8
Or,2023-11,Israeli Pop,106,203.3
Or,2023-11,Israeli Rock,61,131.5
Or,2023-11,World/Israeli,58,171.2
Or,2023-11,Indie/Alt Pop,42,114.1
Or,2023-11,R&B/Soul,32,67.1
Or,2023-11,Alternative Rock,30,64.7
Or,2023-11,Rock,24,65.0
Or,2023-11,Electronic/Dance,7,10.0
Or,2023-11,Soundtrack,7,16.5
Or,2023-11,Hip-Hop,4,12.3
Or,2023-11,K/J-Pop,3,4.1
Or,2023-11,Mizrahi,3,0.0
Or,2023-12,Other,337,628.2
Or,2023-12,Pop Rock,270,610.6
Or,2023-12,Pop,204,400.2
Or,2023-12,Israeli Pop,88,163.7
Or,2023-12,Israeli Rock,72,136.7
Or,2023-12,Indie/Alt Pop,63,99.4
Or,2023-12,World/Israeli,53,106.5
Or,2023-12,Alternative Rock,35,51.9
Or,2023-12,R&B/Soul,35,65.6
Or,2023-12,Rock,27,55.6
Or,2023-12,Mizrahi,6,9.9
Or,2023-12,Soundtrack,6,16.4
Or,2023-12,Electronic/Dance,3,3.7
Or,2023-12,Hip-Hop,3,4.6
Or,2023-12,K/J-Pop,1,3.3
Or,2024-01,Pop,277,700.9
Or,2024-01,Other,256,557.5
Or,2024-01,Pop Rock,187,449.0
Or,2024-01,Israeli Pop,70,115.7
Or,2024-01,Israeli Rock,41,72.5
Or,2024-01,Indie/Alt Pop,39,86.4
Or,2024-01,World/Israeli,38,74.0
Or,2024-01,Alternative Rock,34,74.9
Or,2024-01,Rock,22,57.4
Or,2024-01,R&B/Soul,16,36.8
Or,2024-01,Hip-Hop,5,8.2
Or,2024-01,Mizrahi,4,5.9
Or,2024-01,Soundtrack,3,8.1
Or,2024-01,Electronic/Dance,1,0.0
Or,2024-01,K/J-Pop,1,0.0
Or,2024-02,Other,223,452.1
Or,2024-02,Pop Rock,133,237.0
Or,2024-02,Pop,116,253.6
Or,2024-02,Israeli Pop,53,71.9
Or,2024-02,Indie/Alt Pop,48,93.9
Or,2024-02,Israeli Rock,35,65.4
Or,2024-02,World/Israeli,25,51.8
Or,2024-02,Rock,19,23.4
Or,2024-02,Mizrahi,17,13.9
Or,2024-02,R&B/Soul,7,16.0
Or,2024-02,Soundtrack,6,6.8
Or,2024-02,Alternative Rock,4,9.2
Or,2024-02,K/J-Pop,2,2.8
Or,2024-02,Hip-Hop,1,0.1
Or,2024-03,Other,268,363.2
Or,2024-03,Pop,202,335.2
Or,2024-03,Pop Rock,150,260.8
Or,2024-03,Israeli Pop,62,62.4
Or,2024-03,Indie/Alt Pop,42,72.9
Or,2024-03,World/Israeli,41,49.5
Or,2024-03,Israeli Rock,36,47.5
Or,2024-03,Alternative Rock,33,36.8
Or,2024-03,R&B/Soul,31,50.2
Or,2024-03,Rock,30,56.2
Or,2024-03,Soundtrack,11,13.7
Or,2024-03,K/J-Pop,4,1.7
Or,2024-03,Mizrahi,3,0.4
Or,2024-03,Electronic/Dance,2,0.9
Or,2024-03,Hip-Hop,1,2.3
Or,2024-04,Pop,240,483.7
Or,2024-04,Other,207,326.7
Or,2024-04,Pop Rock,162,243.2
Or,2024-04,Israeli Pop,62,50.9
Or,2024-04,Israeli Rock,46,48.6
Or,2024-04,Indie/Alt Pop,44,64.8
Or,2024-04,World/Israeli,42,69.6
Or,2024-04,R&B/Soul,28,25.7
Or,2024-04,Alternative Rock,23,13.8
Or,2024-04,Rock,21,38.2
Or,2024-04,Electronic/Dance,6,9.9
Or,2024-04,Mizrahi,5,0.1
Or,2024-04,Soundtrack,5,7.8
Or,2024-04,Hip-Hop,3,0.1
Or,2024-04,K/J-Pop,2,0.0
Or,2024-05,Other,467,690.5
Or,2024-05,Pop Rock,337,694.5
Or,2024-05,Pop,270,508.4
Or,2024-05,Israeli Pop,82,146.2
Or,2024-05,World/Israeli,66,137.1
Or,2024-05,Israeli Rock,49,94.0
Or,2024-05,Indie/Alt Pop,41,87.7
Or,2024-05,Rock,32,41.3
Or,2024-05,Alternative Rock,31,29.7
Or,2024-05,R&B/Soul,26,48.1
Or,2024-05,Mizrahi,6,7.2
Or,2024-05,Electronic/Dance,5,6.5
Or,2024-05,Soundtrack,3,9.8
Or,2024-05,K/J-Pop,2,3.2
Or,2024-05,Hip-Hop,1,0.0
Or,2024-06,Pop Rock,390,847.6
Or,2024-06,Other,326,662.8
Or,2024-06,Pop,303,728.5
Or,2024-06,Israeli Pop,106,213.2
Or,2024-06,World/Israeli,61,145.7
Or,2024-06,Indie/Alt Pop,49,92.9
Or,2024-06,Israeli Rock,46,77.6
Or,2024-06,R&B/Soul,36,73.7
Or,2024-06,Alternative Rock,28,39.1
Or,2024-06,Rock,26,47.4
Or,2024-06,Electronic/Dance,11,20.7
Or,2024-06,Soundtrack,9,14.3
Or,2024-06,K/J-Pop,8,12.1
Or,2024-06,Mizrahi,7,7.6
Or,2024-07,Pop,287,676.8
Or,2024-07,Pop Rock,202,454.5
Or,2024-07,Other,157,335.5
Or,2024-07,Israeli Pop,42,85.0
Or,2024-07,Indie/Alt Pop,36,67.6
Or,2024-07,World/Israeli,35,64.1
Or,2024-07,Israeli Rock,31,59.1
Or,2024-07,Rock,27,33.6
Or,2024-07,Alternative Rock,26,37.4
Or,2024-07,R&B/Soul,21,33.5
Or,2024-07,Electronic/Dance,8,13.4
Or,2024-07,Mizrahi,1,0.0
Or,2024-07,Soundtrack,1,5.2
Or,2024-08,Pop Rock,207,439.7
Or,2024-08,Pop,173,412.5
Or,2024-08,Other,150,277.4
Or,2024-08,World/Israeli,48,84.3
Or,2024-08,Israeli Rock,43,65.8
Or,2024-08,Israeli Pop,40,58.7
Or,2024-08,Indie/Alt Pop,35,83.3
Or,2024-08,Alternative Rock,19,32.0
Or,2024-08,Soundtrack,16,25.7
Or,2024-08,Rock,15,37.4
Or,2024-08,R&B/Soul,11,18.5
Or,2024-08,Electronic/Dance,1,3.2
Or,2024-08,Hip-Hop,1,0.0
Or,2024-08,Mizrahi,1,1.4
Or,2024-09,Other,183,375.1
Or,2024-09,Pop,157,416.8
Or,2024-09,Pop Rock,153,304.2
Or,2024-09,Israeli Pop,42,71.5
Or,2024-09,Indie/Alt Pop,26,55.1
Or,2024-09,Rock,16,33.3
Or,2024-09,Israeli Rock,15,34.3
Or,2024-09,World/Israeli,14,33.7
Or,2024-09,Alternative Rock,12,17.5
Or,2024-09,R&B/Soul,9,21.3
Or,2024-09,Electronic/Dance,3,6.5
Or,2024-09,Soundtrack,3,9.1
Or,2024-09,Mizrahi,2,5.9
Or,2024-10,Pop Rock,130,280.5
Or,2024-10,Other,108,233.1
Or,2024-10,Pop,84,172.3
Or,2024-10,Israeli Pop,30,38.2
Or,2024-10,Israeli Rock,18,32.5
Or,2024-10,Indie/Alt Pop,11,28.4
Or,2024-10,Alternative Rock,10,18.6
Or,2024-10,World/Israeli,10,18.7
Or,2024-10,R&B/Soul,8,23.2
Or,2024-10,Rock,8,20.4
Or,2024-10,Soundtrack,7,15.5
Or,2024-10,Singer-Songwriter,1,2.8
Or,2024-11,Pop,269,657.6
Or,2024-11,Other,227,495.6
Or,2024-11,Pop Rock,220,431.7
Or,2024-11,Israeli Pop,48,78.8
Or,2024-11,Indie/Alt Pop,43,100.5
Or,2024-11,Israeli Rock,33,61.3
Or,2024-11,World/Israeli,33,87.9
Or,2024-11,Alternative Rock,27,42.0
Or,2024-11,R&B/Soul,20,41.9
Or,2024-11,Singer-Songwriter,17,18.9
Or,2024-11,Rock,16,39.7
Or,2024-11,Soundtrack,14,30.2
Or,2024-11,Electronic/Dance,3,0.0
Or,2024-11,Hip-Hop,1,3.6
Or,2024-12,Other,242,580.0
Or,2024-12,Pop,210,549.8
Or,2024-12,Pop Rock,201,480.5
Or,2024-12,Israeli Pop,46,90.0
Or,2024-12,World/Israeli,36,111.3
Or,2024-12,Indie/Alt Pop,34,76.7
Or,2024-12,Israeli Rock,33,75.7
Or,2024-12,Alternative Rock,32,58.3
Or,2024-12,R&B/Soul,17,46.7
Or,2024-12,Rock,16,38.2
Or,2024-12,Electronic/Dance,7,20.6
Or,2024-12,Soundtrack,3,9.8
Or,2024-12,Mizrahi,2,5.2
Or,2024-12,Hip-Hop,1,1.0
Or,2025-01,Other,290,745.8
Or,2025-01,Pop,216,591.1
Or,2025-01,Pop Rock,198,458.5
Or,2025-01,Israeli Pop,57,138.1
Or,2025-01,Indie/Alt Pop,46,89.2
Or,2025-01,Israeli Rock,46,103.4
Or,2025-01,R&B/Soul,30,64.9
Or,2025-01,Alternative Rock,29,72.0
Or,2025-01,World/Israeli,26,77.8
Or,2025-01,Rock,13,36.4
Or,2025-01,Soundtrack,11,26.2
Or,2025-01,Electronic/Dance,8,15.8
Or,2025-01,Hip-Hop,4,15.0
Or,2025-01,Mizrahi,4,3.6
Or,2025-01,Singer-Songwriter,2,8.0
Or,2025-02,Other,98,206.3
Or,2025-02,Pop Rock,76,161.6
Or,2025-02,Pop,61,186.6
Or,2025-02,Israeli Pop,22,47.4
Or,2025-02,Indie/Alt Pop,21,43.1
Or,2025-02,World/Israeli,16,48.3
Or,2025-02,Alternative Rock,13,26.3
Or,2025-02,Israeli Rock,10,34.3
Or,2025-02,R&B/Soul,6,11.8
Or,2025-02,Rock,5,13.1
Or,2025-02,Hip-Hop,1,0.3
Or,2025-02,Soundtrack,1,3.3
Or,2025-03,Other,143,304.8
Or,2025-03,Pop,101,260.0
Or,2025-03,Pop Rock,96,174.6
Or,2025-03,Israeli Pop,28,40.2
Or,2025-03,World/Israeli,21,32.7
Or,2025-03,Israeli Rock,16,29.0
Or,2025-03,Alternative Rock,14,15.3
Or,2025-03,Rock,11,25.4
Or,2025-03,Indie/Alt Pop,10,20.3
Or,2025-03,R&B/Soul,7,20.1
Or,2025-03,Soundtrack,3,4.7
Or,2025-03,Electronic/Dance,2,0.0
Or,2025-03,Mizrahi,1,0.0
Or,2025-04,Other,182,333.7
Or,2025-04,Pop,134,337.7
Or,2025-04,Pop Rock,125,318.2
Or,2025-04,Israeli Pop,29,73.4
Or,2025-04,Alternative Rock,24,40.7
Or,2025-04,World/Israeli,20,63.2
Or,2025-04,Indie/Alt Pop,18,38.3
Or,2025-04,Israeli Rock,13,40.2
Or,2025-04,R&B/Soul,10,22.7
Or,2025-04,Rock,7,10.3
Or,2025-04,Electronic/Dance,4,9.1
Or,2025-04,Soundtrack,3,4.9
Or,2025-04,Hip-Hop,1,1.1
Or,2025-04,Mizrahi,1,0.9
Or,2025-05,Other,253,590.1
Or,2025-05,Pop,165,389.2
Or,2025-05,Pop Rock,156,336.8
Or,2025-05,Israeli Pop,36,75.0
Or,2025-05,World/Israeli,35,65.0
Or,2025-05,Alternative Rock,22,54.1
Or,2025-05,Indie/Alt Pop,22,35.6
Or,2025-05,Israeli Rock,21,56.7
Or,2025-05,Rock,17,34.2
Or,2025-05,R&B/Soul,14,35.3
Or,2025-05,Soundtrack,7,15.1
Or,2025-05,Electronic/Dance,4,3.7
Or,2025-05,Mizrahi,3,4.1
Or,2025-05,Singer-Songwriter,2,4.1
Or,2025-06,Pop,140,385.2
Or,2025-06,Other,131,272.3
Or,2025-06,Pop Rock,117,210.3
Or,2025-06,Israeli Pop,29,68.5
Or,2025-06,World/Israeli,25,62.2
Or,2025-06,Israeli Rock,23,45.0
Or,2025-06,Indie/Alt Pop,14,16.0
Or,2025-06,Rock,13,24.4
Or,2025-06,R&B/Soul,11,12.8
Or,2025-06,Alternative Rock,9,21.2
Or,2025-06,Soundtrack,2,8.7
Or,2025-06,Electronic/Dance,1,3.1
Or,2025-06,Hip-Hop,1,3.6
Or,2025-07,Other,270,592.7
Or,2025-07,Pop Rock,198,428.2
Or,2025-07,Pop,184,501.5
Or,2025-07,Israeli Pop,45,89.7
Or,2025-07,Israeli Rock,38,65.1
Or,2025-07,World/Israeli,31,91.2
Or,2025-07,Alternative Rock,24,65.9
Or,2025-07,Indie/Alt Pop,24,34.5
Or,2025-07,Rock,23,46.7
Or,2025-07,R&B/Soul,20,32.0
Or,2025-07,Electronic/Dance,7,16.7
Or,2025-07,Soundtrack,4,16.8
Or,2025-07,Hip-Hop,1,0.2
Or,2025-08,Other,203,429.0
Or,2025-08,Pop,70,192.7
Or,2025-08,Pop Rock,69,123.9
Or,2025-08,Alternative Rock,20,50.4
Or,2025-08,Israeli Pop,12,26.4
Or,2025-08,Indie/Alt Pop,11,16.3
Or,2025-08,Israeli Rock,9,22.0
Or,2025-08,World/Israeli,9,32.3
Or,2025-08,R&B/Soul,5,13.4
Or,2025-08,Rock,5,11.0
Or,2025-08,Singer-Songwriter,2,8.2
Or,2025-08,Soundtrack,2,3.3
Or,2025-08,Hip-Hop,1,3.6
Or,2025-08,Mizrahi,1,3.5
Or,2025-09,Other,276,613.6
Or,2025-09,Pop Rock,162,234.0
Or,2025-09,Pop,140,372.1
Or,2025-09,Israeli Pop,40,75.5
Or,2025-09,Indie/Alt Pop,31,63.6
Or,2025-09,Israeli Rock,30,50.6
Or,2025-09,World/Israeli,29,82.7
Or,2025-09,Alternative Rock,26,45.4
Or,2025-09,R&B/Soul,22,53.7
Or,2025-09,Rock,14,19.7
Or,2025-09,Electronic/Dance,4,7.0
Or,2025-09,Soundtrack,4,8.4
Or,2025-09,Singer-Songwriter,1,4.1
Or,2025-10,Other,317,656.5
Or,2025-10,Pop,82,197.2
Or,2025-10,Pop Rock,69,119.4
Or,2025-10,Israeli Pop,21,31.4
Or,2025-10,Alternative Rock,18,27.2
Or,2025-10,World/Israeli,13,29.8
Or,2025-10,R&B/Soul,11,26.5
Or,2025-10,Israeli Rock,10,17.2
Or,2025-10,Indie/Alt Pop,9,18.9
Or,2025-10,Rock,5,15.0
Or,2025-10,Mizrahi,3,3.5
Or,2025-10,Singer-Songwriter,2,4.5
Or,2025-10,Electronic/Dance,1,3.4
Or,2025-10,Hip-Hop,1,3.6
Or,2025-10,Soundtrack,1,4.6
Or,2025-11,Other,294,598.3
Or,2025-11,Pop,167,442.6
Or,2025-11,Pop Rock,147,203.9
Or,2025-11,Israeli Pop,39,67.3
Or,2025-11,World/Israeli,38,65.6
Or,2025-11,Israeli Rock,30,57.1
Or,2025-11,Indie/Alt Pop,28,62.2
Or,2025-11,R&B/Soul,27,46.3
Or,2025-11,Alternative Rock,21,32.4
Or,2025-11,Soundtrack,12,25.1
Or,2025-11,Rock,11,18.5
Or,2025-11,Electronic/Dance,4,6.9
Or,2025-11,Mizrahi,1,0.3
Or,2025-12,Other,266,577.9
Or,2025-12,Pop,141,341.9
Or,2025-12,Pop Rock,113,174.5
Or,2025-12,Israeli Pop,24,32.7
Or,2025-12,World/Israeli,23,35.2
Or,2025-12,Israeli Rock,20,41.1
Or,2025-12,Indie/Alt Pop,16,15.3
Or,2025-12,Alternative Rock,14,25.9
Or,2025-12,Singer-Songwriter,14,44.6
Or,2025-12,Rock,12,25.5
Or,2025-12,R&B/Soul,10,29.3
Or,2025-12,Electronic/Dance,3,5.3
Or,2025-12,Mizrahi,3,5.4
Or,2025-12,Soundtrack,2,9.8
Or,2026-01,Other,300,460.0
Or,2026-01,Pop,110,291.0
Or,2026-01,Pop Rock,104,126.9
Or,2026-01,Israeli Rock,25,43.2
Or,2026-01,Israeli Pop,21,21.4
Or,2026-01,World/Israeli,18,35.8
Or,2026-01,Indie/Alt Pop,16,35.2
Or,2026-01,Rock,15,38.5
Or,2026-01,Alternative Rock,12,32.8
Or,2026-01,R&B/Soul,11,29.5
Or,2026-01,Soundtrack,11,18.4
Or,2026-01,Electronic/Dance,6,6.5
Or,2026-01,Singer-Songwriter,5,13.1
Or,2026-01,Hip-Hop,1,0.1
Or,2026-01,Mizrahi,1,3.6
Or,2026-02,Other,218,424.9
Or,2026-02,Pop,174,425.1
Or,2026-02,Pop Rock,158,211.3
Or,2026-02,Israeli Pop,51,79.1
Or,2026-02,World/Israeli,41,68.9
Or,2026-02,Israeli Rock,34,65.9
Or,2026-02,Indie/Alt Pop,29,43.0
Or,2026-02,Rock,23,49.4
Or,2026-02,Alternative Rock,22,36.3
Or,2026-02,R&B/Soul,18,32.3
Or,2026-02,Singer-Songwriter,10,30.6
Or,2026-02,Soundtrack,8,16.4
Or,2026-02,Electronic/Dance,4,0.5
Or,2026-02,Mizrahi,1,0.3
Or,2026-03,Other,122,275.1
Or,2026-03,Pop,55,141.3
Or,2026-03,Pop Rock,37,51.7
Or,2026-03,Israeli Pop,8,14.6
Or,2026-03,Indie/Alt Pop,7,6.7
Or,2026-03,Alternative Rock,6,6.1
Or,2026-03,Israeli Rock,6,5.3
Or,2026-03,R&B/Soul,6,5.9
Or,2026-03,World/Israeli,5,10.5
Or,2026-03,Rock,4,12.5
Or,2026-03,Electronic/Dance,1,0.0
Or,2026-04,Other,408,679.8
Or,2026-04,Pop,299,613.3
Or,2026-04,Pop Rock,152,133.6
Or,2026-04,World/Israeli,39,57.7
Or,2026-04,Indie/Alt Pop,34,42.6
Or,2026-04,Israeli Pop,33,55.1
Or,2026-04,Alternative Rock,26,31.9
Or,2026-04,Israeli Rock,24,41.1
Or,2026-04,R&B/Soul,14,20.7
Or,2026-04,Rock,10,29.1
Or,2026-04,Hip-Hop,8,7.7
Or,2026-04,Singer-Songwriter,7,15.8
Or,2026-04,Electronic/Dance,4,7.7
Or,2026-04,Mizrahi,3,1.9
Or,2026-04,Soundtrack,3,9.4
Or,2026-05,Other,425,778.2
Or,2026-05,Pop,239,533.8
Or,2026-05,Pop Rock,221,262.8
Or,2026-05,Israeli Pop,66,90.7
Or,2026-05,World/Israeli,61,94.8
Or,2026-05,Israeli Rock,49,78.8
Or,2026-05,Alternative Rock,37,51.4
Or,2026-05,Indie/Alt Pop,37,57.2
Or,2026-05,R&B/Soul,30,43.5
Or,2026-05,Rock,14,27.3
Or,2026-05,Soundtrack,14,35.9
Or,2026-05,Singer-Songwriter,8,4.5
Or,2026-05,Electronic/Dance,4,3.3
Or,2026-05,Hip-Hop,1,3.6
Or,2026-05,Mizrahi,1,0.0
Roman,2019-09,Other,706,591.9
Roman,2019-09,Pop,82,64.5
Roman,2019-09,Hip-Hop,47,12.4
Roman,2019-09,Pop Rock,25,20.8
Roman,2019-09,Mizrahi,7,0.1
Roman,2019-09,R&B/Soul,6,0.0
Roman,2019-09,Israeli Pop,3,0.0
Roman,2019-09,Indie/Alt Pop,2,0.2
Roman,2019-09,Latin,2,4.2
Roman,2019-09,Rock,2,0.0
Roman,2019-09,Nu Metal,1,0.0
Roman,2019-09,World/Israeli,1,0.0
Roman,2019-10,Other,368,373.7
Roman,2019-10,Pop,25,27.8
Roman,2019-10,Pop Rock,25,24.1
Roman,2019-10,Hip-Hop,9,8.1
Roman,2019-10,K/J-Pop,4,3.8
Roman,2019-10,Indie/Alt Pop,1,0.0
Roman,2019-11,Other,118,114.9
Roman,2019-11,Pop Rock,19,8.4
Roman,2019-11,Pop,11,9.4
Roman,2020-04,Other,2,0.7
Roman,2020-05,Other,158,216.7
Roman,2020-05,Pop,35,68.6
Roman,2020-05,Rock,23,62.1
Roman,2020-05,Pop Rock,16,36.4
Roman,2020-05,Hip-Hop,2,0.1
Roman,2020-06,Other,185,252.5
Roman,2020-06,Rock,113,245.5
Roman,2020-06,Pop,78,140.9
Roman,2020-06,Pop Rock,13,20.2
Roman,2020-06,Hip-Hop,2,0.2
Roman,2020-07,Rock,294,536.5
Roman,2020-07,Other,145,192.7
Roman,2020-07,Pop,50,83.6
Roman,2020-07,Pop Rock,2,1.7
Roman,2020-07,Hip-Hop,1,0.1
Roman,2020-08,Rock,431,520.3
Roman,2020-08,Other,207,126.1
Roman,2020-08,Pop,45,82.5
Roman,2020-09,Rock,251,352.2
Roman,2020-09,Other,158,174.5
Roman,2020-09,Pop,41,77.9
Roman,2020-09,Pop Rock,4,0.2
Roman,2020-11,Post-Grunge,258,554.6
Roman,2020-11,Other,22,27.4
Roman,2020-11,Rock,13,26.8
Roman,2020-11,Metal,1,0.0
Roman,2020-11,Pop,1,0.0
Roman,2020-12,Post-Grunge,163,470.2
Roman,2020-12,Other,121,247.2
Roman,2020-12,Rock,9,30.0
Roman,2021-01,Metalcore,217,448.1
Roman,2021-01,Other,183,343.9
Roman,2021-01,Rock,11,25.8
Roman,2021-01,Pop,8,14.1
Roman,2021-01,Post-Grunge,8,11.8
Roman,2021-01,Latin,2,6.8
Roman,2021-01,Pop Rock,2,2.7
Roman,2021-02,Post-Grunge,247,367.7
Roman,2021-02,Other,79,138.2
Roman,2021-02,Metalcore,66,143.2
Roman,2021-02,Rock,1,0.0
Roman,2021-03,Other,26,55.1
Roman,2021-03,Post-Grunge,22,37.3
Roman,2021-03,Metalcore,11,11.6
Roman,2021-04,Post-Grunge,326,940.1
Roman,2021-04,Other,94,163.3
Roman,2021-04,Nu Metal,12,18.0
Roman,2021-04,Metalcore,4,5.8
Roman,2021-04,Hard Rock,1,0.0
Roman,2021-04,Metal,1,3.9
Roman,2021-05,Other,645,857.7
Roman,2021-05,Post-Grunge,274,478.4
Roman,2021-05,Rock,21,14.3
Roman,2021-05,Metalcore,10,6.2
Roman,2021-05,Nu Metal,10,0.2
Roman,2021-05,Hard Rock,3,3.1
Roman,2021-05,Metal,3,0.0
Roman,2021-05,Pop,1,0.2
Roman,2021-06,Post-Grunge,1020,2016.0
Roman,2021-06,Other,628,1168.3
Roman,2021-06,Rock,61,151.9
Roman,2021-06,Metalcore,14,9.2
Roman,2021-06,Hard Rock,3,0.9
Roman,2021-06,Pop,1,1.2
Roman,2021-07,Post-Grunge,825,1434.4
Roman,2021-07,Other,581,1027.1
Roman,2021-07,Nu Metal,115,147.7
Roman,2021-07,Rock,77,154.4
Roman,2021-07,Hard Rock,46,120.0
Roman,2021-07,Metalcore,16,10.2
Roman,2021-07,Metal,6,9.8
Roman,2021-08,Other,436,1128.8
Roman,2021-08,Post-Grunge,54,133.0
Roman,2021-08,Rock,53,214.7
Roman,2021-08,Metalcore,10,19.9
Roman,2021-08,Nu Metal,8,15.5
Roman,2021-08,Metal,2,9.0
Roman,2021-08,Pop Rock,2,2.9
Roman,2021-08,Hip-Hop,1,0.2
Roman,2021-09,Other,1315,2815.7
Roman,2021-09,Metal,611,2067.5
Roman,2021-09,Post-Grunge,174,416.7
Roman,2021-09,Rock,101,370.0
Roman,2021-09,Metalcore,83,199.8
Roman,2021-09,Nu Metal,20,14.0
Roman,2021-09,Alternative Rock,5,0.0
Roman,2021-09,Pop Rock,1,3.1
Roman,2021-10,Other,1126,2181.4
Roman,2021-10,Metal,647,1931.2
Roman,2021-10,Rock,348,960.7
Roman,2021-10,Post-Grunge,72,112.9
Roman,2021-10,Nu Metal,32,59.9
Roman,2021-10,Metalcore,22,34.9
Roman,2021-10,Hard Rock,21,48.5
Roman,2021-10,Pop,1,0.0
Roman,2021-10,Pop Rock,1,1.0
Roman,2021-11,Other,1172,2633.4
Roman,2021-11,Metalcore,184,424.0
Roman,2021-11,Rock,117,306.7
Roman,2021-11,Metal,55,133.3
Roman,2021-11,Post-Grunge,36,73.2
Roman,2021-11,Hard Rock,4,8.8
Roman,2021-11,Nu Metal,4,3.5
Roman,2021-12,Other,1847,2126.2
Roman,2021-12,Rock,372,847.0
Roman,2021-12,Post-Grunge,294,504.6
Roman,2021-12,Metal,225,587.1
Roman,2021-12,Metalcore,92,122.1
Roman,2021-12,Nu Metal,28,12.1
Roman,2021-12,Pop Rock,17,0.8
Roman,2021-12,Hard Rock,13,16.7
Roman,2021-12,Pop,2,0.1
Roman,2021-12,K/J-Pop,1,0.0
Roman,2022-01,Other,265,386.7
Roman,2022-01,Rock,86,102.2
Roman,2022-01,Metalcore,43,58.7
Roman,2022-01,Metal,37,54.5
Roman,2022-01,Post-Grunge,14,17.5
Roman,2022-01,Nu Metal,3,1.8
Roman,2022-01,Hard Rock,2,2.2
Roman,2022-01,Pop Rock,2,0.0
Roman,2022-02,Other,1084,812.1
Roman,2022-02,Hard Rock,413,606.2
Roman,2022-02,Post-Grunge,63,56.1
Roman,2022-02,Metalcore,57,37.5
Roman,2022-02,Rock,51,56.9
Roman,2022-02,Metal,36,63.4
Roman,2022-02,Nu Metal,35,11.0
Roman,2022-02,Alternative Rock,2,0.6
Roman,2022-02,Pop Rock,1,0.0
Roman,2022-02,R&B/Soul,1,0.0
Roman,2022-03,Other,1317,1169.4
Roman,2022-03,Nu Metal,443,566.4
Roman,2022-03,Hard Rock,106,116.4
Roman,2022-03,Rock,94,68.3
Roman,2022-03,Metal,73,138.7
Roman,2022-03,Metalcore,49,47.9
Roman,2022-03,Post-Grunge,14,15.8
Roman,2022-03,Pop Rock,12,7.6
Roman,2022-03,Hip-Hop,1,0.2
Roman,2022-03,Pop,1,0.8
Roman,2022-04,Other,970,973.9
Roman,2022-04,Nu Metal,347,280.0
Roman,2022-04,Metal,290,384.5
Roman,2022-04,Post-Grunge,99,136.2
Roman,2022-04,Metalcore,56,69.2
Roman,2022-04,Hard Rock,43,37.2
Roman,2022-04,Rock,29,29.8
Roman,2022-04,Pop Rock,8,7.3
Roman,2022-04,Pop,3,0.2
Roman,2022-04,Alternative Rock,1,0.0
Roman,2022-04,Electronic/Dance,1,0.0
Roman,2022-04,Israeli Rock,1,0.1
Roman,2022-05,Other,398,495.2
Roman,2022-05,Nu Metal,143,220.7
Roman,2022-05,Metal,54,155.3
Roman,2022-05,Post-Grunge,41,76.6
Roman,2022-05,Metalcore,17,10.9
Roman,2022-05,Hard Rock,8,7.5
Roman,2022-05,Rock,4,0.1
Roman,2022-05,Pop Rock,1,0.3
Roman,2022-06,Other,332,295.6
Roman,2022-06,Nu Metal,225,444.2
Roman,2022-06,Metal,28,72.3
Roman,2022-06,Metalcore,6,5.5
Roman,2022-06,Post-Grunge,3,0.3
Roman,2022-06,Rock,3,0.0
Roman,2022-07,Nu Metal,313,684.5
Roman,2022-07,Other,139,115.8
Roman,2022-07,Metal,19,58.9
Roman,2022-07,Post-Grunge,15,32.1
Roman,2022-07,Metalcore,5,4.7
Roman,2022-07,Hard Rock,2,0.0
Roman,2022-07,Pop,1,0.0
Roman,2022-08,Nu Metal,310,536.8
Roman,2022-08,Other,187,244.4
Roman,2022-08,Pop Rock,51,130.4
Roman,2022-08,Metalcore,17,42.9
Roman,2022-08,Post-Grunge,1,0.0
Roman,2022-08,Rock,1,0.0
Roman,2022-09,Nu Metal,320,567.5
Roman,2022-09,Other,263,380.4
Roman,2022-09,Pop Rock,23,52.7
Roman,2022-09,Metalcore,21,30.5
Roman,2022-09,Rock,8,23.5
Roman,2022-09,Metal,3,5.7
Roman,2022-09,Singer-Songwriter,1,0.0
Roman,2022-10,Nu Metal,267,540.2
Roman,2022-10,Other,235,347.5
Roman,2022-10,Rock,56,119.6
Roman,2022-10,Pop Rock,15,19.5
Roman,2022-10,Metalcore,9,16.7
Roman,2022-10,Metal,4,8.4
Roman,2022-10,Hard Rock,2,2.4
Roman,2022-10,Post-Grunge,2,0.1
Roman,2022-11,Nu Metal,552,1311.9
Roman,2022-11,Other,467,716.2
Roman,2022-11,Metalcore,51,104.8
Roman,2022-11,Metal,11,17.1
Roman,2022-11,Pop Rock,6,12.4
Roman,2022-11,Rock,5,14.3
Roman,2022-11,Post-Grunge,2,3.1
Roman,2022-12,Other,449,650.8
Roman,2022-12,Nu Metal,377,813.1
Roman,2022-12,Metalcore,68,89.5
Roman,2022-12,Metal,30,85.6
Roman,2022-12,Pop Rock,20,36.7
Roman,2022-12,Post-Grunge,14,16.8
Roman,2022-12,Rock,2,4.0
Roman,2022-12,Pop,1,2.4
Roman,2023-01,Other,229,210.8
Roman,2023-01,Metalcore,120,214.7
Roman,2023-01,Nu Metal,113,239.7
Roman,2023-01,Metal,6,19.2
Roman,2023-01,Pop Rock,1,0.0
Roman,2023-01,Rock,1,0.1
Roman,2023-02,Nu Metal,156,327.2
Roman,2023-02,Other,74,122.4
Roman,2023-02,Metalcore,18,33.9
Roman,2023-02,Metal,8,4.1
Roman,2023-03,Metalcore,71,189.2
Roman,2023-03,Other,61,32.1
Roman,2023-03,Nu Metal,44,93.3
Roman,2023-03,Metal,7,0.7
Roman,2023-03,Post-Grunge,6,0.1
Roman,2023-04,Nu Metal,370,738.4
Roman,2023-04,Other,201,314.5
Roman,2023-04,Metalcore,69,154.6
Roman,2023-04,Metal,27,36.6
Roman,2023-04,Post-Grunge,2,0.0
Roman,2023-05,Other,874,1307.1
Roman,2023-05,Nu Metal,562,1382.0
Roman,2023-05,Metalcore,174,288.5
Roman,2023-05,Metal,27,41.9
Roman,2023-05,Rock,24,29.4
Roman,2023-05,Post-Grunge,8,0.3
Roman,2023-05,Pop Rock,2,0.1
Roman,2023-05,Hard Rock,1,0.1
Roman,2023-05,Hip-Hop,1,0.1
Roman,2023-05,Pop,1,0.0
Roman,2023-06,Other,665,1236.6
Roman,2023-06,Metal,604,1697.8
Roman,2023-06,Nu Metal,126,313.2
Roman,2023-06,Metalcore,113,198.9
Roman,2023-06,Rock,7,24.9
Roman,2023-06,Post-Grunge,3,0.2
Roman,2023-06,Hard Rock,1,0.0
Roman,2023-07,Metal,186,664.1
Roman,2023-07,Other,173,429.0
Roman,2023-07,Metalcore,33,62.6
Roman,2023-07,Nu Metal,2,3.7
Roman,2023-08,Metal,461,1703.9
Roman,2023-08,Other,372,583.1
Roman,2023-08,Metalcore,172,352.3
Roman,2023-08,Nu Metal,7,9.7
Roman,2023-09,Other,774,1027.8
Roman,2023-09,Metal,359,1227.5
Roman,2023-09,Metalcore,96,157.3
Roman,2023-09,Pop,8,32.2
Roman,2023-09,Nu Metal,6,9.7
Roman,2023-09,Post-Grunge,1,3.9
Roman,2023-10,Other,869,1790.4
Roman,2023-10,Metalcore,495,714.4
Roman,2023-10,Metal,480,1939.5
Roman,2023-10,Nu Metal,4,8.4
Roman,2023-10,Pop Rock,1,0.0
Roman,2023-11,Other,562,1638.9
Roman,2023-11,Metal,511,2216.2
Roman,2023-11,Metalcore,251,820.2
Roman,2023-11,Nu Metal,14,28.2
Roman,2023-11,Pop,6,11.0
Roman,2023-12,Other,929,2446.5
Roman,2023-12,Metal,617,2592.1
Roman,2023-12,Metalcore,289,793.2
Roman,2023-12,Rock,19,15.0
Roman,2023-12,Post-Grunge,12,31.9
Roman,2023-12,Pop,10,32.0
Roman,2023-12,Alternative Rock,5,13.0
Roman,2023-12,Pop Rock,4,1.5
Roman,2023-12,Nu Metal,3,7.4
Roman,2023-12,Mizrahi,1,1.1
Roman,2024-01,Metal,662,2950.1
Roman,2024-01,Other,472,1210.2
Roman,2024-01,Metalcore,107,280.5
Roman,2024-01,Pop,4,8.2
Roman,2024-01,Nu Metal,2,0.1
Roman,2024-01,Alternative Rock,1,2.9
Roman,2024-02,Metal,815,3691.3
Roman,2024-02,Other,436,963.3
Roman,2024-02,Metalcore,208,537.2
Roman,2024-02,Nu Metal,12,38.8
Roman,2024-02,Pop,2,2.2
Roman,2024-02,Post-Grunge,1,4.9
Roman,2024-03,Metal,540,2150.6
Roman,2024-03,Metalcore,350,1083.5
Roman,2024-03,Other,150,280.6
Roman,2024-03,Indie/Alt Pop,4,12.2
Roman,2024-03,Hip-Hop,2,2.2
Roman,2024-03,Pop,2,0.9
Roman,2024-03,Pop Rock,2,2.3
Roman,2024-03,Post-Grunge,2,4.6
Roman,2024-03,Rock,2,2.5
Roman,2024-03,Alternative Rock,1,4.0
Roman,2024-03,Israeli Pop,1,1.1
Roman,2024-03,Nu Metal,1,0.5
Roman,2024-03,R&B/Soul,1,0.1
Roman,2024-04,Metalcore,532,1760.1
Roman,2024-04,Metal,484,1829.9
Roman,2024-04,Other,302,625.2
Roman,2024-04,Pop,40,60.6
Roman,2024-04,Nu Metal,20,42.7
Roman,2024-04,Rock,9,19.9
Roman,2024-04,Pop Rock,5,8.2
Roman,2024-04,R&B/Soul,3,2.2
Roman,2024-05,Metal,695,2682.7
Roman,2024-05,Other,626,2212.3
Roman,2024-05,Metalcore,415,1416.9
Roman,2024-05,Hard Rock,11,19.9
Roman,2024-05,Nu Metal,5,12.0
Roman,2024-06,Metal,663,2575.8
Roman,2024-06,Other,476,1709.4
Roman,2024-06,Metalcore,420,1357.4
Roman,2024-07,Metal,843,3810.4
Roman,2024-07,Other,419,1377.0
Roman,2024-07,Metalcore,209,679.0
Roman,2024-07,Hard Rock,1,0.4
Roman,2024-07,Rock,1,0.0
Roman,2024-08,Metal,753,3304.2
Roman,2024-08,Other,595,1694.5
Roman,2024-08,Metalcore,154,429.6
Roman,2024-08,Nu Metal,34,39.5
Roman,2024-09,Metal,426,1630.1
Roman,2024-09,Other,142,193.8
Roman,2024-09,Metalcore,110,234.3
Roman,2024-09,Nu Metal,80,214.0
Roman,2024-09,Mizrahi,1,0.2
Roman,2024-10,Metal,486,1858.9
Roman,2024-10,Other,466,1265.4
Roman,2024-10,Metalcore,164,310.8
Roman,2024-10,Nu Metal,8,16.2
Roman,2024-10,Post-Grunge,7,14.4
Roman,2024-11,Other,596,1841.6
Roman,2024-11,Metal,373,1399.3
Roman,2024-11,Metalcore,170,572.4
Roman,2024-11,Nu Metal,65,171.6
Roman,2024-11,Post-Grunge,13,50.1
Roman,2024-12,Other,698,1774.7
Roman,2024-12,Metalcore,373,1260.7
Roman,2024-12,Metal,272,1107.3
Roman,2024-12,Nu Metal,17,86.4
Roman,2024-12,Rock,10,36.7
Roman,2024-12,Post-Grunge,6,31.9
Roman,2024-12,Pop,1,0.4
Roman,2025-01,Metal,543,2364.7
Roman,2025-01,Other,480,1306.3
Roman,2025-01,Metalcore,154,486.7
Roman,2025-01,Nu Metal,1,6.5
Roman,2025-02,Metal,504,1919.9
Roman,2025-02,Other,308,911.4
Roman,2025-02,Nu Metal,75,216.9
Roman,2025-02,Metalcore,64,198.1
Roman,2025-03,Metal,473,1892.4
Roman,2025-03,Other,314,822.1
Roman,2025-03,Metalcore,100,336.5
Roman,2025-03,Post-Grunge,18,21.5
Roman,2025-03,Nu Metal,1,2.7
Roman,2025-04,Metal,463,1824.8
Roman,2025-04,Other,394,931.1
Roman,2025-04,Metalcore,111,368.7
Roman,2025-04,Post-Grunge,24,85.3
Roman,2025-05,Metal,481,2380.0
Roman,2025-05,Other,287,817.2
Roman,2025-05,Metalcore,39,144.9
Roman,2025-05,Hard Rock,8,18.7
Roman,2025-06,Metal,765,3099.3
Roman,2025-06,Other,285,776.4
Roman,2025-06,Metalcore,59,167.4
Roman,2025-06,Post-Grunge,6,18.9
Roman,2025-06,Nu Metal,2,2.9
Roman,2025-07,Metal,1243,4229.4
Roman,2025-07,Metalcore,166,496.6
Roman,2025-07,Other,166,393.4
Roman,2025-07,Post-Grunge,106,373.7
Roman,2025-07,Pop,3,9.8
Roman,2025-07,Nu Metal,2,6.7
Roman,2025-08,Metal,845,2614.3
Roman,2025-08,Other,513,1097.7
Roman,2025-08,Metalcore,109,362.1
Roman,2025-08,Nu Metal,10,15.8
Roman,2025-08,Post-Grunge,3,1.8
Roman,2025-09,Other,879,2585.8
Roman,2025-09,Metal,519,1542.0
Roman,2025-09,Metalcore,57,198.8
Roman,2025-09,Nu Metal,1,3.1
Roman,2025-09,Post-Grunge,1,2.0
Roman,2025-10,Other,815,2353.8
Roman,2025-10,Metal,682,2152.7
Roman,2025-10,Metalcore,131,428.7
Roman,2025-10,Post-Grunge,11,25.5
Roman,2025-10,Pop,1,0.0
Roman,2025-11,Metal,897,2971.8
Roman,2025-11,Other,477,1365.8
Roman,2025-11,Metalcore,257,733.4
Roman,2025-11,Nu Metal,4,8.5
Roman,2025-11,Hard Rock,1,2.3
Roman,2025-12,Other,747,1846.8
Roman,2025-12,Metal,491,1423.7
Roman,2025-12,Metalcore,356,985.0
Roman,2025-12,K/J-Pop,35,57.1
Roman,2025-12,Post-Grunge,34,70.6
Roman,2025-12,Nu Metal,3,6.5
Roman,2026-01,Other,805,1808.0
Roman,2026-01,Metalcore,694,2033.4
Roman,2026-01,K/J-Pop,277,801.9
Roman,2026-01,Metal,220,619.4
Roman,2026-01,Hard Rock,9,28.7
Roman,2026-01,Pop Rock,8,1.0
Roman,2026-01,Nu Metal,4,13.4
Roman,2026-01,R&B/Soul,3,3.3
Roman,2026-02,Other,718,2139.1
Roman,2026-02,Metalcore,532,1523.8
Roman,2026-02,K/J-Pop,464,1329.2
Roman,2026-02,Metal,231,625.3
Roman,2026-02,Nu Metal,23,53.0
Roman,2026-02,Post-Grunge,14,55.2
Roman,2026-02,Pop Rock,2,0.1
Roman,2026-03,Other,815,2136.6
Roman,2026-03,Metal,242,825.1
Roman,2026-03,Metalcore,175,566.7
Roman,2026-03,K/J-Pop,96,282.5
Roman,2026-03,Nu Metal,22,61.8
Roman,2026-03,R&B/Soul,4,0.3
Roman,2026-03,Post-Grunge,1,0.0
Roman,2026-04,Other,881,2472.7
Roman,2026-04,Metal,622,2206.6
Roman,2026-04,Metalcore,73,218.6
Roman,2026-04,K/J-Pop,60,192.1
Roman,2026-04,Nu Metal,36,94.0
Roman,2026-04,Post-Grunge,4,6.1
Roman,2026-04,Pop,3,6.2
Roman,2026-04,Pop Rock,3,3.6
Roman,2026-04,R&B/Soul,1,4.0
Roman,2026-05,Other,368,910.7
Roman,2026-05,Metal,177,579.4
Roman,2026-05,Metalcore,33,76.7
Roman,2026-05,K/J-Pop,12,30.3
