owner,year,weekday,hour_local,plays,pct_of_owner_year
Or,2018,Friday,3,29,0.52
Or,2018,Friday,7,4,0.07
Or,2018,Friday,8,74,1.33
Or,2018,Friday,9,162,2.91
Or,2018,Friday,10,20,0.36
Or,2018,Friday,11,110,1.98
Or,2018,Friday,12,86,1.55
Or,2018,Friday,13,85,1.53
Or,2018,Friday,14,69,1.24
Or,2018,Friday,15,28,0.5
Or,2018,Friday,16,54,0.97
Or,2018,Friday,17,92,1.65
Or,2018,Friday,18,98,1.76
Or,2018,Friday,19,1,0.02
Or,2018,Friday,20,45,0.81
Or,2018,Friday,21,98,1.76
Or,2018,Friday,22,14,0.25
Or,2018,Friday,23,11,0.2
Or,2018,Monday,6,4,0.07
Or,2018,Monday,7,17,0.31
Or,2018,Monday,8,16,0.29
Or,2018,Monday,9,9,0.16
Or,2018,Monday,10,53,0.95
Or,2018,Monday,11,47,0.85
Or,2018,Monday,12,39,0.7
Or,2018,Monday,13,35,0.63
Or,2018,Monday,14,32,0.58
Or,2018,Monday,15,45,0.81
Or,2018,Monday,16,34,0.61
Or,2018,Monday,17,53,0.95
Or,2018,Monday,18,2,0.04
Or,2018,Monday,19,48,0.86
Or,2018,Monday,20,74,1.33
Or,2018,Monday,21,15,0.27
Or,2018,Monday,23,57,1.02
Or,2018,Saturday,0,2,0.04
Or,2018,Saturday,2,15,0.27
Or,2018,Saturday,3,48,0.86
Or,2018,Saturday,6,1,0.02
Or,2018,Saturday,8,4,0.07
Or,2018,Saturday,12,9,0.16
Or,2018,Saturday,14,16,0.29
Or,2018,Saturday,15,2,0.04
Or,2018,Saturday,16,75,1.35
Or,2018,Saturday,17,31,0.56
Or,2018,Saturday,18,16,0.29
Or,2018,Saturday,19,37,0.67
Or,2018,Saturday,20,59,1.06
Or,2018,Saturday,21,19,0.34
Or,2018,Saturday,22,14,0.25
Or,2018,Saturday,23,170,3.06
Or,2018,Sunday,0,98,1.76
Or,2018,Sunday,1,11,0.2
Or,2018,Sunday,4,1,0.02
Or,2018,Sunday,7,31,0.56
Or,2018,Sunday,8,85,1.53
Or,2018,Sunday,9,113,2.03
Or,2018,Sunday,10,153,2.75
Or,2018,Sunday,11,64,1.15
Or,2018,Sunday,12,105,1.89
Or,2018,Sunday,13,11,0.2
Or,2018,Sunday,14,8,0.14
Or,2018,Sunday,15,17,0.31
Or,2018,Sunday,16,8,0.14
Or,2018,Sunday,17,51,0.92
Or,2018,Sunday,18,94,1.69
Or,2018,Sunday,19,11,0.2
Or,2018,Sunday,20,44,0.79
Or,2018,Sunday,21,56,1.01
Or,2018,Thursday,0,2,0.04
Or,2018,Thursday,1,24,0.43
Or,2018,Thursday,6,27,0.49
Or,2018,Thursday,7,35,0.63
Or,2018,Thursday,8,83,1.49
Or,2018,Thursday,9,66,1.19
Or,2018,Thursday,10,78,1.4
Or,2018,Thursday,11,75,1.35
Or,2018,Thursday,12,30,0.54
Or,2018,Thursday,13,26,0.47
Or,2018,Thursday,14,57,1.02
Or,2018,Thursday,15,61,1.1
Or,2018,Thursday,16,76,1.37
Or,2018,Thursday,17,131,2.36
Or,2018,Thursday,18,110,1.98
Or,2018,Thursday,19,61,1.1
Or,2018,Thursday,20,134,2.41
Or,2018,Thursday,21,77,1.38
Or,2018,Thursday,22,4,0.07
Or,2018,Thursday,23,3,0.05
Or,2018,Tuesday,6,52,0.93
Or,2018,Tuesday,7,22,0.4
Or,2018,Tuesday,9,9,0.16
Or,2018,Tuesday,10,12,0.22
Or,2018,Tuesday,11,35,0.63
Or,2018,Tuesday,12,76,1.37
Or,2018,Tuesday,13,48,0.86
Or,2018,Tuesday,14,103,1.85
Or,2018,Tuesday,15,115,2.07
Or,2018,Tuesday,16,95,1.71
Or,2018,Tuesday,17,15,0.27
Or,2018,Tuesday,18,47,0.85
Or,2018,Tuesday,19,80,1.44
Or,2018,Tuesday,20,28,0.5
Or,2018,Tuesday,21,72,1.29
Or,2018,Tuesday,22,18,0.32
Or,2018,Wednesday,6,4,0.07
Or,2018,Wednesday,7,20,0.36
Or,2018,Wednesday,8,24,0.43
Or,2018,Wednesday,9,43,0.77
Or,2018,Wednesday,10,48,0.86
Or,2018,Wednesday,15,4,0.07
Or,2018,Wednesday,16,49,0.88
Or,2018,Wednesday,17,41,0.74
Or,2018,Wednesday,18,92,1.65
Or,2018,Wednesday,19,43,0.77
Or,2018,Wednesday,20,57,1.02
Or,2018,Wednesday,21,11,0.2
Or,2019,Friday,0,69,0.37
Or,2019,Friday,1,38,0.2
Or,2019,Friday,2,11,0.06
Or,2019,Friday,3,6,0.03
Or,2019,Friday,7,35,0.19
Or,2019,Friday,8,242,1.29
Or,2019,Friday,9,212,1.13
Or,2019,Friday,10,707,3.78
Or,2019,Friday,11,304,1.62
Or,2019,Friday,12,680,3.63
Or,2019,Friday,13,338,1.81
Or,2019,Friday,14,204,1.09
Or,2019,Friday,15,311,1.66
Or,2019,Friday,16,250,1.34
Or,2019,Friday,17,370,1.98
Or,2019,Friday,18,248,1.32
Or,2019,Friday,19,49,0.26
Or,2019,Friday,20,383,2.05
Or,2019,Friday,21,393,2.1
Or,2019,Friday,22,120,0.64
Or,2019,Friday,23,51,0.27
Or,2019,Monday,0,21,0.11
Or,2019,Monday,5,1,0.01
Or,2019,Monday,6,27,0.14
Or,2019,Monday,7,26,0.14
Or,2019,Monday,8,106,0.57
Or,2019,Monday,9,43,0.23
Or,2019,Monday,10,37,0.2
Or,2019,Monday,11,33,0.18
Or,2019,Monday,12,32,0.17
Or,2019,Monday,13,28,0.15
Or,2019,Monday,14,60,0.32
Or,2019,Monday,15,130,0.69
Or,2019,Monday,16,157,0.84
Or,2019,Monday,17,70,0.37
Or,2019,Monday,18,109,0.58
Or,2019,Monday,19,110,0.59
Or,2019,Monday,20,56,0.3
Or,2019,Monday,21,34,0.18
Or,2019,Monday,22,24,0.13
Or,2019,Monday,23,4,0.02
Or,2019,Saturday,0,57,0.3
Or,2019,Saturday,1,1,0.01
Or,2019,Saturday,8,12,0.06
Or,2019,Saturday,9,26,0.14
Or,2019,Saturday,10,79,0.42
Or,2019,Saturday,11,174,0.93
Or,2019,Saturday,12,214,1.14
Or,2019,Saturday,13,225,1.2
Or,2019,Saturday,14,145,0.77
Or,2019,Saturday,15,283,1.51
Or,2019,Saturday,16,185,0.99
Or,2019,Saturday,17,242,1.29
Or,2019,Saturday,18,215,1.15
Or,2019,Saturday,19,273,1.46
Or,2019,Saturday,20,310,1.66
Or,2019,Saturday,21,187,1.0
Or,2019,Saturday,22,281,1.5
Or,2019,Saturday,23,34,0.18
Or,2019,Sunday,2,74,0.4
Or,2019,Sunday,3,39,0.21
Or,2019,Sunday,5,14,0.07
Or,2019,Sunday,6,186,0.99
Or,2019,Sunday,7,93,0.5
Or,2019,Sunday,8,197,1.05
Or,2019,Sunday,9,468,2.5
Or,2019,Sunday,10,277,1.48
Or,2019,Sunday,11,145,0.77
Or,2019,Sunday,12,119,0.64
Or,2019,Sunday,13,117,0.63
Or,2019,Sunday,14,84,0.45
Or,2019,Sunday,15,17,0.09
Or,2019,Sunday,16,163,0.87
Or,2019,Sunday,17,142,0.76
Or,2019,Sunday,18,121,0.65
Or,2019,Sunday,19,67,0.36
Or,2019,Sunday,20,123,0.66
Or,2019,Sunday,21,107,0.57
Or,2019,Sunday,22,50,0.27
Or,2019,Sunday,23,12,0.06
Or,2019,Thursday,4,4,0.02
Or,2019,Thursday,5,26,0.14
Or,2019,Thursday,6,1,0.01
Or,2019,Thursday,7,89,0.48
Or,2019,Thursday,8,338,1.81
Or,2019,Thursday,9,243,1.3
Or,2019,Thursday,10,187,1.0
Or,2019,Thursday,11,286,1.53
Or,2019,Thursday,12,264,1.41
Or,2019,Thursday,13,245,1.31
Or,2019,Thursday,14,443,2.37
Or,2019,Thursday,15,267,1.43
Or,2019,Thursday,16,221,1.18
Or,2019,Thursday,17,229,1.22
Or,2019,Thursday,18,230,1.23
Or,2019,Thursday,19,291,1.55
Or,2019,Thursday,20,220,1.18
Or,2019,Thursday,21,202,1.08
Or,2019,Thursday,22,118,0.63
Or,2019,Thursday,23,113,0.6
Or,2019,Tuesday,0,19,0.1
Or,2019,Tuesday,1,1,0.01
Or,2019,Tuesday,6,6,0.03
Or,2019,Tuesday,7,56,0.3
Or,2019,Tuesday,8,148,0.79
Or,2019,Tuesday,9,62,0.33
Or,2019,Tuesday,10,69,0.37
Or,2019,Tuesday,11,53,0.28
Or,2019,Tuesday,12,9,0.05
Or,2019,Tuesday,13,53,0.28
Or,2019,Tuesday,14,101,0.54
Or,2019,Tuesday,15,69,0.37
Or,2019,Tuesday,16,119,0.64
Or,2019,Tuesday,17,217,1.16
Or,2019,Tuesday,18,145,0.77
Or,2019,Tuesday,19,149,0.8
Or,2019,Tuesday,20,86,0.46
Or,2019,Tuesday,21,42,0.22
Or,2019,Tuesday,22,29,0.15
Or,2019,Tuesday,23,5,0.03
Or,2019,Wednesday,2,2,0.01
Or,2019,Wednesday,3,1,0.01
Or,2019,Wednesday,5,4,0.02
Or,2019,Wednesday,6,31,0.17
Or,2019,Wednesday,7,103,0.55
Or,2019,Wednesday,8,125,0.67
Or,2019,Wednesday,9,107,0.57
Or,2019,Wednesday,10,114,0.61
Or,2019,Wednesday,11,30,0.16
Or,2019,Wednesday,12,121,0.65
Or,2019,Wednesday,13,108,0.58
Or,2019,Wednesday,14,68,0.36
Or,2019,Wednesday,15,82,0.44
Or,2019,Wednesday,16,22,0.12
Or,2019,Wednesday,17,173,0.92
Or,2019,Wednesday,18,102,0.54
Or,2019,Wednesday,19,27,0.14
Or,2019,Wednesday,20,99,0.53
Or,2019,Wednesday,21,119,0.64
Or,2019,Wednesday,22,136,0.73
Or,2019,Wednesday,23,2,0.01
Or,2020,Friday,0,41,0.33
Or,2020,Friday,3,20,0.16
Or,2020,Friday,6,8,0.06
Or,2020,Friday,7,40,0.32
Or,2020,Friday,8,24,0.19
Or,2020,Friday,9,160,1.29
Or,2020,Friday,10,498,4.01
Or,2020,Friday,11,147,1.18
Or,2020,Friday,12,427,3.44
Or,2020,Friday,13,249,2.01
Or,2020,Friday,14,300,2.42
Or,2020,Friday,15,169,1.36
Or,2020,Friday,16,104,0.84
Or,2020,Friday,17,230,1.85
Or,2020,Friday,18,142,1.14
Or,2020,Friday,19,52,0.42
Or,2020,Friday,20,268,2.16
Or,2020,Friday,21,248,2.0
Or,2020,Friday,22,27,0.22
Or,2020,Friday,23,6,0.05
Or,2020,Monday,6,6,0.05
Or,2020,Monday,7,40,0.32
Or,2020,Monday,8,105,0.85
Or,2020,Monday,9,57,0.46
Or,2020,Monday,10,74,0.6
Or,2020,Monday,11,68,0.55
Or,2020,Monday,12,44,0.35
Or,2020,Monday,13,58,0.47
Or,2020,Monday,14,37,0.3
Or,2020,Monday,15,88,0.71
Or,2020,Monday,16,138,1.11
Or,2020,Monday,17,147,1.18
Or,2020,Monday,18,187,1.51
Or,2020,Monday,19,143,1.15
Or,2020,Monday,20,163,1.31
Or,2020,Monday,21,59,0.48
Or,2020,Monday,22,3,0.02
Or,2020,Monday,23,2,0.02
Or,2020,Saturday,0,16,0.13
Or,2020,Saturday,1,2,0.02
Or,2020,Saturday,6,20,0.16
Or,2020,Saturday,7,16,0.13
Or,2020,Saturday,9,42,0.34
Or,2020,Saturday,10,124,1.0
Or,2020,Saturday,11,82,0.66
Or,2020,Saturday,12,139,1.12
Or,2020,Saturday,13,173,1.39
Or,2020,Saturday,14,102,0.82
Or,2020,Saturday,15,208,1.68
Or,2020,Saturday,16,112,0.9
Or,2020,Saturday,17,97,0.78
Or,2020,Saturday,18,259,2.09
Or,2020,Saturday,19,228,1.84
Or,2020,Saturday,20,143,1.15
Or,2020,Saturday,21,112,0.9
Or,2020,Saturday,22,20,0.16
Or,2020,Sunday,0,8,0.06
Or,2020,Sunday,5,13,0.1
Or,2020,Sunday,6,15,0.12
Or,2020,Sunday,7,25,0.2
Or,2020,Sunday,8,161,1.3
Or,2020,Sunday,9,94,0.76
Or,2020,Sunday,10,97,0.78
Or,2020,Sunday,11,60,0.48
Or,2020,Sunday,12,67,0.54
Or,2020,Sunday,13,109,0.88
Or,2020,Sunday,14,59,0.48
Or,2020,Sunday,15,92,0.74
Or,2020,Sunday,16,113,0.91
Or,2020,Sunday,17,70,0.56
Or,2020,Sunday,18,71,0.57
Or,2020,Sunday,19,194,1.56
Or,2020,Sunday,20,133,1.07
Or,2020,Sunday,21,17,0.14
Or,2020,Sunday,22,4,0.03
Or,2020,Sunday,23,10,0.08
Or,2020,Thursday,1,1,0.01
Or,2020,Thursday,6,7,0.06
Or,2020,Thursday,7,70,0.56
Or,2020,Thursday,8,68,0.55
Or,2020,Thursday,9,70,0.56
Or,2020,Thursday,10,85,0.68
Or,2020,Thursday,11,68,0.55
Or,2020,Thursday,12,45,0.36
Or,2020,Thursday,13,156,1.26
Or,2020,Thursday,14,122,0.98
Or,2020,Thursday,15,144,1.16
Or,2020,Thursday,16,195,1.57
Or,2020,Thursday,17,124,1.0
Or,2020,Thursday,18,168,1.35
Or,2020,Thursday,19,245,1.97
Or,2020,Thursday,20,290,2.34
Or,2020,Thursday,21,125,1.01
Or,2020,Thursday,22,15,0.12
Or,2020,Thursday,23,70,0.56
Or,2020,Tuesday,0,2,0.02
Or,2020,Tuesday,6,29,0.23
Or,2020,Tuesday,7,41,0.33
Or,2020,Tuesday,8,56,0.45
Or,2020,Tuesday,9,64,0.52
Or,2020,Tuesday,10,77,0.62
Or,2020,Tuesday,11,28,0.23
Or,2020,Tuesday,12,81,0.65
Or,2020,Tuesday,13,59,0.48
Or,2020,Tuesday,14,105,0.85
Or,2020,Tuesday,15,48,0.39
Or,2020,Tuesday,16,68,0.55
Or,2020,Tuesday,17,98,0.79
Or,2020,Tuesday,18,39,0.31
Or,2020,Tuesday,19,61,0.49
Or,2020,Tuesday,20,36,0.29
Or,2020,Tuesday,21,57,0.46
Or,2020,Tuesday,22,10,0.08
Or,2020,Tuesday,23,48,0.39
Or,2020,Wednesday,7,67,0.54
Or,2020,Wednesday,8,124,1.0
Or,2020,Wednesday,9,49,0.39
Or,2020,Wednesday,10,98,0.79
Or,2020,Wednesday,11,32,0.26
Or,2020,Wednesday,12,92,0.74
Or,2020,Wednesday,13,59,0.48
Or,2020,Wednesday,14,52,0.42
Or,2020,Wednesday,15,78,0.63
Or,2020,Wednesday,16,130,1.05
Or,2020,Wednesday,17,93,0.75
Or,2020,Wednesday,18,156,1.26
Or,2020,Wednesday,19,168,1.35
Or,2020,Wednesday,20,140,1.13
Or,2020,Wednesday,21,63,0.51
Or,2020,Wednesday,22,51,0.41
Or,2020,Wednesday,23,1,0.01
Or,2021,Friday,0,5,0.04
Or,2021,Friday,6,41,0.34
Or,2021,Friday,7,214,1.79
Or,2021,Friday,8,354,2.96
Or,2021,Friday,9,479,4.0
Or,2021,Friday,10,237,1.98
Or,2021,Friday,11,335,2.8
Or,2021,Friday,12,539,4.5
Or,2021,Friday,13,294,2.45
Or,2021,Friday,14,201,1.68
Or,2021,Friday,15,124,1.04
Or,2021,Friday,16,159,1.33
Or,2021,Friday,17,149,1.24
Or,2021,Friday,18,34,0.28
Or,2021,Friday,19,67,0.56
Or,2021,Friday,20,143,1.19
Or,2021,Friday,21,131,1.09
Or,2021,Friday,22,50,0.42
Or,2021,Friday,23,3,0.03
Or,2021,Monday,0,80,0.67
Or,2021,Monday,1,11,0.09
Or,2021,Monday,6,40,0.33
Or,2021,Monday,7,193,1.61
Or,2021,Monday,8,200,1.67
Or,2021,Monday,9,87,0.73
Or,2021,Monday,10,180,1.5
Or,2021,Monday,11,80,0.67
Or,2021,Monday,12,87,0.73
Or,2021,Monday,13,99,0.83
Or,2021,Monday,14,55,0.46
Or,2021,Monday,15,93,0.78
Or,2021,Monday,16,145,1.21
Or,2021,Monday,17,153,1.28
Or,2021,Monday,18,69,0.58
Or,2021,Monday,19,83,0.69
Or,2021,Monday,20,149,1.24
Or,2021,Monday,21,28,0.23
Or,2021,Monday,22,6,0.05
Or,2021,Monday,23,10,0.08
Or,2021,Saturday,1,2,0.02
Or,2021,Saturday,6,4,0.03
Or,2021,Saturday,7,32,0.27
Or,2021,Saturday,8,51,0.43
Or,2021,Saturday,9,51,0.43
Or,2021,Saturday,10,16,0.13
Or,2021,Saturday,11,94,0.78
Or,2021,Saturday,12,43,0.36
Or,2021,Saturday,13,116,0.97
Or,2021,Saturday,14,88,0.73
Or,2021,Saturday,15,67,0.56
Or,2021,Saturday,16,67,0.56
Or,2021,Saturday,17,54,0.45
Or,2021,Saturday,18,77,0.64
Or,2021,Saturday,19,159,1.33
Or,2021,Saturday,20,82,0.68
Or,2021,Saturday,21,92,0.77
Or,2021,Saturday,22,80,0.67
Or,2021,Saturday,23,9,0.08
Or,2021,Sunday,1,1,0.01
Or,2021,Sunday,6,81,0.68
Or,2021,Sunday,7,117,0.98
Or,2021,Sunday,8,92,0.77
Or,2021,Sunday,9,63,0.53
Or,2021,Sunday,10,105,0.88
Or,2021,Sunday,11,35,0.29
Or,2021,Sunday,12,57,0.48
Or,2021,Sunday,13,83,0.69
Or,2021,Sunday,14,120,1.0
Or,2021,Sunday,15,74,0.62
Or,2021,Sunday,16,50,0.42
Or,2021,Sunday,17,41,0.34
Or,2021,Sunday,18,59,0.49
Or,2021,Sunday,19,128,1.07
Or,2021,Sunday,20,141,1.18
Or,2021,Sunday,21,34,0.28
Or,2021,Sunday,22,14,0.12
Or,2021,Sunday,23,26,0.22
Or,2021,Thursday,0,8,0.07
Or,2021,Thursday,1,6,0.05
Or,2021,Thursday,2,13,0.11
Or,2021,Thursday,3,4,0.03
Or,2021,Thursday,5,19,0.16
Or,2021,Thursday,6,30,0.25
Or,2021,Thursday,7,132,1.1
Or,2021,Thursday,8,96,0.8
Or,2021,Thursday,9,138,1.15
Or,2021,Thursday,10,93,0.78
Or,2021,Thursday,11,116,0.97
Or,2021,Thursday,12,143,1.19
Or,2021,Thursday,13,50,0.42
Or,2021,Thursday,14,180,1.5
Or,2021,Thursday,15,138,1.15
Or,2021,Thursday,16,103,0.86
Or,2021,Thursday,17,110,0.92
Or,2021,Thursday,18,78,0.65
Or,2021,Thursday,19,163,1.36
Or,2021,Thursday,20,148,1.24
Or,2021,Thursday,21,41,0.34
Or,2021,Thursday,22,49,0.41
Or,2021,Thursday,23,32,0.27
Or,2021,Tuesday,0,6,0.05
Or,2021,Tuesday,6,12,0.1
Or,2021,Tuesday,7,108,0.9
Or,2021,Tuesday,8,117,0.98
Or,2021,Tuesday,9,93,0.78
Or,2021,Tuesday,10,78,0.65
Or,2021,Tuesday,11,62,0.52
Or,2021,Tuesday,12,74,0.62
Or,2021,Tuesday,13,90,0.75
Or,2021,Tuesday,14,105,0.88
Or,2021,Tuesday,15,51,0.43
Or,2021,Tuesday,16,18,0.15
Or,2021,Tuesday,17,43,0.36
Or,2021,Tuesday,18,22,0.18
Or,2021,Tuesday,19,29,0.24
Or,2021,Tuesday,20,50,0.42
Or,2021,Tuesday,21,76,0.63
Or,2021,Tuesday,22,38,0.32
Or,2021,Tuesday,23,21,0.18
Or,2021,Wednesday,0,25,0.21
Or,2021,Wednesday,5,41,0.34
Or,2021,Wednesday,6,36,0.3
Or,2021,Wednesday,7,161,1.34
Or,2021,Wednesday,8,100,0.83
Or,2021,Wednesday,9,96,0.8
Or,2021,Wednesday,10,83,0.69
Or,2021,Wednesday,11,51,0.43
Or,2021,Wednesday,12,52,0.43
Or,2021,Wednesday,13,36,0.3
Or,2021,Wednesday,14,56,0.47
Or,2021,Wednesday,15,71,0.59
Or,2021,Wednesday,16,67,0.56
Or,2021,Wednesday,17,43,0.36
Or,2021,Wednesday,18,51,0.43
Or,2021,Wednesday,19,62,0.52
Or,2021,Wednesday,20,32,0.27
Or,2021,Wednesday,21,18,0.15
Or,2021,Wednesday,22,2,0.02
Or,2022,Friday,0,14,0.11
Or,2022,Friday,4,17,0.13
Or,2022,Friday,6,89,0.7
Or,2022,Friday,7,112,0.89
Or,2022,Friday,8,343,2.72
Or,2022,Friday,9,226,1.79
Or,2022,Friday,10,125,0.99
Or,2022,Friday,11,98,0.78
Or,2022,Friday,12,114,0.9
Or,2022,Friday,13,143,1.13
Or,2022,Friday,14,56,0.44
Or,2022,Friday,15,44,0.35
Or,2022,Friday,16,100,0.79
Or,2022,Friday,17,103,0.82
Or,2022,Friday,18,110,0.87
Or,2022,Friday,19,28,0.22
Or,2022,Friday,20,51,0.4
Or,2022,Friday,21,74,0.59
Or,2022,Friday,22,25,0.2
Or,2022,Friday,23,167,1.32
Or,2022,Monday,0,20,0.16
Or,2022,Monday,1,30,0.24
Or,2022,Monday,5,28,0.22
Or,2022,Monday,6,101,0.8
Or,2022,Monday,7,244,1.93
Or,2022,Monday,8,181,1.43
Or,2022,Monday,9,301,2.38
Or,2022,Monday,10,233,1.84
Or,2022,Monday,11,103,0.82
Or,2022,Monday,12,90,0.71
Or,2022,Monday,13,158,1.25
Or,2022,Monday,14,91,0.72
Or,2022,Monday,15,55,0.44
Or,2022,Monday,16,119,0.94
Or,2022,Monday,17,111,0.88
Or,2022,Monday,18,203,1.61
Or,2022,Monday,19,74,0.59
Or,2022,Monday,20,184,1.46
Or,2022,Monday,21,171,1.35
Or,2022,Monday,22,37,0.29
Or,2022,Monday,23,8,0.06
Or,2022,Saturday,0,87,0.69
Or,2022,Saturday,7,7,0.06
Or,2022,Saturday,8,63,0.5
Or,2022,Saturday,9,46,0.36
Or,2022,Saturday,10,54,0.43
Or,2022,Saturday,11,96,0.76
Or,2022,Saturday,12,62,0.49
Or,2022,Saturday,13,80,0.63
Or,2022,Saturday,14,68,0.54
Or,2022,Saturday,15,70,0.55
Or,2022,Saturday,16,114,0.9
Or,2022,Saturday,17,68,0.54
Or,2022,Saturday,18,47,0.37
Or,2022,Saturday,19,86,0.68
Or,2022,Saturday,20,68,0.54
Or,2022,Saturday,21,72,0.57
Or,2022,Sunday,0,21,0.17
Or,2022,Sunday,6,83,0.66
Or,2022,Sunday,7,192,1.52
Or,2022,Sunday,8,188,1.49
Or,2022,Sunday,9,150,1.19
Or,2022,Sunday,10,93,0.74
Or,2022,Sunday,11,49,0.39
Or,2022,Sunday,12,59,0.47
Or,2022,Sunday,13,168,1.33
Or,2022,Sunday,14,119,0.94
Or,2022,Sunday,15,85,0.67
Or,2022,Sunday,16,31,0.25
Or,2022,Sunday,17,84,0.66
Or,2022,Sunday,18,34,0.27
Or,2022,Sunday,19,60,0.47
Or,2022,Sunday,20,43,0.34
Or,2022,Sunday,21,47,0.37
Or,2022,Sunday,22,18,0.14
Or,2022,Sunday,23,1,0.01
Or,2022,Thursday,0,1,0.01
Or,2022,Thursday,5,6,0.05
Or,2022,Thursday,6,67,0.53
Or,2022,Thursday,7,255,2.02
Or,2022,Thursday,8,275,2.18
Or,2022,Thursday,9,183,1.45
Or,2022,Thursday,10,126,1.0
Or,2022,Thursday,11,73,0.58
Or,2022,Thursday,12,70,0.55
Or,2022,Thursday,13,117,0.93
Or,2022,Thursday,14,33,0.26
Or,2022,Thursday,15,64,0.51
Or,2022,Thursday,16,88,0.7
Or,2022,Thursday,17,112,0.89
Or,2022,Thursday,18,102,0.81
Or,2022,Thursday,19,96,0.76
Or,2022,Thursday,20,91,0.72
Or,2022,Thursday,21,76,0.6
Or,2022,Thursday,22,47,0.37
Or,2022,Thursday,23,73,0.58
Or,2022,Tuesday,4,2,0.02
Or,2022,Tuesday,5,55,0.44
Or,2022,Tuesday,6,132,1.04
Or,2022,Tuesday,7,178,1.41
Or,2022,Tuesday,8,292,2.31
Or,2022,Tuesday,9,175,1.39
Or,2022,Tuesday,10,79,0.63
Or,2022,Tuesday,11,96,0.76
Or,2022,Tuesday,12,123,0.97
Or,2022,Tuesday,13,144,1.14
Or,2022,Tuesday,14,129,1.02
Or,2022,Tuesday,15,25,0.2
Or,2022,Tuesday,16,47,0.37
Or,2022,Tuesday,17,54,0.43
Or,2022,Tuesday,18,24,0.19
Or,2022,Tuesday,19,72,0.57
Or,2022,Tuesday,20,26,0.21
Or,2022,Tuesday,21,40,0.32
Or,2022,Tuesday,22,19,0.15
Or,2022,Tuesday,23,11,0.09
Or,2022,Wednesday,5,6,0.05
Or,2022,Wednesday,6,76,0.6
Or,2022,Wednesday,7,223,1.77
Or,2022,Wednesday,8,161,1.27
Or,2022,Wednesday,9,150,1.19
Or,2022,Wednesday,10,168,1.33
Or,2022,Wednesday,11,70,0.55
Or,2022,Wednesday,12,56,0.44
Or,2022,Wednesday,13,70,0.55
Or,2022,Wednesday,14,47,0.37
Or,2022,Wednesday,15,54,0.43
Or,2022,Wednesday,16,70,0.55
Or,2022,Wednesday,17,67,0.53
Or,2022,Wednesday,18,99,0.78
Or,2022,Wednesday,19,159,1.26
Or,2022,Wednesday,20,73,0.58
Or,2022,Wednesday,21,94,0.74
Or,2022,Wednesday,22,105,0.83
Or,2022,Wednesday,23,12,0.09
Or,2023,Friday,2,14,0.11
Or,2023,Friday,3,9,0.07
Or,2023,Friday,4,15,0.12
Or,2023,Friday,5,10,0.08
Or,2023,Friday,6,38,0.29
Or,2023,Friday,7,74,0.57
Or,2023,Friday,8,120,0.92
Or,2023,Friday,9,230,1.76
Or,2023,Friday,10,188,1.44
Or,2023,Friday,11,170,1.3
Or,2023,Friday,12,230,1.76
Or,2023,Friday,13,155,1.19
Or,2023,Friday,14,117,0.9
Or,2023,Friday,15,120,0.92
Or,2023,Friday,16,206,1.58
Or,2023,Friday,17,184,1.41
Or,2023,Friday,18,116,0.89
Or,2023,Friday,19,16,0.12
Or,2023,Friday,20,5,0.04
Or,2023,Friday,21,26,0.2
Or,2023,Friday,22,13,0.1
Or,2023,Friday,23,6,0.05
Or,2023,Monday,1,38,0.29
Or,2023,Monday,5,9,0.07
Or,2023,Monday,6,46,0.35
Or,2023,Monday,7,99,0.76
Or,2023,Monday,8,191,1.47
Or,2023,Monday,9,252,1.93
Or,2023,Monday,10,190,1.46
Or,2023,Monday,11,248,1.9
Or,2023,Monday,12,193,1.48
Or,2023,Monday,13,94,0.72
Or,2023,Monday,14,43,0.33
Or,2023,Monday,15,50,0.38
Or,2023,Monday,16,56,0.43
Or,2023,Monday,17,18,0.14
Or,2023,Monday,18,79,0.61
Or,2023,Monday,19,89,0.68
Or,2023,Monday,20,49,0.38
Or,2023,Monday,21,83,0.64
Or,2023,Monday,22,25,0.19
Or,2023,Monday,23,28,0.21
Or,2023,Saturday,0,3,0.02
Or,2023,Saturday,4,4,0.03
Or,2023,Saturday,5,11,0.08
Or,2023,Saturday,6,5,0.04
Or,2023,Saturday,7,10,0.08
Or,2023,Saturday,8,42,0.32
Or,2023,Saturday,9,77,0.59
Or,2023,Saturday,10,33,0.25
Or,2023,Saturday,11,42,0.32
Or,2023,Saturday,12,49,0.38
Or,2023,Saturday,13,104,0.8
Or,2023,Saturday,14,149,1.14
Or,2023,Saturday,15,145,1.11
Or,2023,Saturday,16,144,1.1
Or,2023,Saturday,17,180,1.38
Or,2023,Saturday,18,60,0.46
Or,2023,Saturday,19,58,0.45
Or,2023,Saturday,20,59,0.45
Or,2023,Saturday,21,49,0.38
Or,2023,Saturday,22,66,0.51
Or,2023,Saturday,23,39,0.3
Or,2023,Sunday,0,1,0.01
Or,2023,Sunday,6,34,0.26
Or,2023,Sunday,7,52,0.4
Or,2023,Sunday,8,192,1.47
Or,2023,Sunday,9,309,2.37
Or,2023,Sunday,10,385,2.95
Or,2023,Sunday,11,354,2.72
Or,2023,Sunday,12,142,1.09
Or,2023,Sunday,13,331,2.54
Or,2023,Sunday,14,108,0.83
Or,2023,Sunday,15,53,0.41
Or,2023,Sunday,16,27,0.21
Or,2023,Sunday,17,23,0.18
Or,2023,Sunday,18,65,0.5
Or,2023,Sunday,19,31,0.24
Or,2023,Sunday,20,20,0.15
Or,2023,Sunday,21,35,0.27
Or,2023,Sunday,22,5,0.04
Or,2023,Thursday,0,43,0.33
Or,2023,Thursday,1,81,0.62
Or,2023,Thursday,2,31,0.24
Or,2023,Thursday,6,6,0.05
Or,2023,Thursday,7,37,0.28
Or,2023,Thursday,8,134,1.03
Or,2023,Thursday,9,328,2.52
Or,2023,Thursday,10,192,1.47
Or,2023,Thursday,11,198,1.52
Or,2023,Thursday,12,80,0.61
Or,2023,Thursday,13,135,1.04
Or,2023,Thursday,14,39,0.3
Or,2023,Thursday,15,27,0.21
Or,2023,Thursday,16,43,0.33
Or,2023,Thursday,17,41,0.31
Or,2023,Thursday,18,66,0.51
Or,2023,Thursday,19,112,0.86
Or,2023,Thursday,20,62,0.48
Or,2023,Thursday,21,37,0.28
Or,2023,Thursday,22,27,0.21
Or,2023,Thursday,23,6,0.05
Or,2023,Tuesday,4,1,0.01
Or,2023,Tuesday,5,74,0.57
Or,2023,Tuesday,6,97,0.74
Or,2023,Tuesday,7,163,1.25
Or,2023,Tuesday,8,193,1.48
Or,2023,Tuesday,9,203,1.56
Or,2023,Tuesday,10,134,1.03
Or,2023,Tuesday,11,233,1.79
Or,2023,Tuesday,12,336,2.58
Or,2023,Tuesday,13,236,1.81
Or,2023,Tuesday,14,44,0.34
Or,2023,Tuesday,15,39,0.3
Or,2023,Tuesday,16,20,0.15
Or,2023,Tuesday,17,35,0.27
Or,2023,Tuesday,18,40,0.31
Or,2023,Tuesday,19,42,0.32
Or,2023,Tuesday,20,34,0.26
Or,2023,Tuesday,21,32,0.25
Or,2023,Tuesday,22,28,0.21
Or,2023,Tuesday,23,36,0.28
Or,2023,Wednesday,6,23,0.18
Or,2023,Wednesday,7,83,0.64
Or,2023,Wednesday,8,117,0.9
Or,2023,Wednesday,9,274,2.1
Or,2023,Wednesday,10,249,1.91
Or,2023,Wednesday,11,116,0.89
Or,2023,Wednesday,12,142,1.09
Or,2023,Wednesday,13,56,0.43
Or,2023,Wednesday,14,30,0.23
Or,2023,Wednesday,15,15,0.12
Or,2023,Wednesday,16,57,0.44
Or,2023,Wednesday,17,22,0.17
Or,2023,Wednesday,18,33,0.25
Or,2023,Wednesday,19,154,1.18
Or,2023,Wednesday,20,103,0.79
Or,2023,Wednesday,21,227,1.74
Or,2023,Wednesday,22,149,1.14
Or,2024,Friday,0,9,0.08
Or,2024,Friday,6,24,0.22
Or,2024,Friday,7,57,0.52
Or,2024,Friday,8,40,0.37
Or,2024,Friday,9,60,0.55
Or,2024,Friday,10,189,1.74
Or,2024,Friday,11,241,2.22
Or,2024,Friday,12,104,0.96
Or,2024,Friday,13,231,2.13
Or,2024,Friday,14,115,1.06
Or,2024,Friday,15,102,0.94
Or,2024,Friday,16,146,1.34
Or,2024,Friday,17,127,1.17
Or,2024,Friday,18,112,1.03
Or,2024,Friday,19,16,0.15
Or,2024,Friday,20,4,0.04
Or,2024,Friday,21,78,0.72
Or,2024,Friday,22,59,0.54
Or,2024,Friday,23,1,0.01
Or,2024,Monday,0,22,0.2
Or,2024,Monday,6,32,0.29
Or,2024,Monday,7,99,0.91
Or,2024,Monday,8,71,0.65
Or,2024,Monday,9,44,0.41
Or,2024,Monday,10,75,0.69
Or,2024,Monday,11,39,0.36
Or,2024,Monday,12,67,0.62
Or,2024,Monday,13,131,1.21
Or,2024,Monday,14,276,2.54
Or,2024,Monday,15,121,1.11
Or,2024,Monday,16,32,0.29
Or,2024,Monday,17,17,0.16
Or,2024,Monday,18,40,0.37
Or,2024,Monday,19,76,0.7
Or,2024,Monday,20,222,2.04
Or,2024,Monday,21,35,0.32
Or,2024,Monday,22,10,0.09
Or,2024,Monday,23,6,0.06
Or,2024,Saturday,5,7,0.06
Or,2024,Saturday,6,3,0.03
Or,2024,Saturday,7,4,0.04
Or,2024,Saturday,9,10,0.09
Or,2024,Saturday,10,49,0.45
Or,2024,Saturday,11,80,0.74
Or,2024,Saturday,12,54,0.5
Or,2024,Saturday,13,19,0.17
Or,2024,Saturday,14,21,0.19
Or,2024,Saturday,15,9,0.08
Or,2024,Saturday,16,52,0.48
Or,2024,Saturday,17,61,0.56
Or,2024,Saturday,18,66,0.61
Or,2024,Saturday,19,99,0.91
Or,2024,Saturday,20,66,0.61
Or,2024,Saturday,21,51,0.47
Or,2024,Saturday,22,43,0.4
Or,2024,Saturday,23,1,0.01
Or,2024,Sunday,5,4,0.04
Or,2024,Sunday,6,57,0.52
Or,2024,Sunday,7,136,1.25
Or,2024,Sunday,8,138,1.27
Or,2024,Sunday,9,66,0.61
Or,2024,Sunday,10,96,0.88
Or,2024,Sunday,11,189,1.74
Or,2024,Sunday,12,183,1.68
Or,2024,Sunday,13,185,1.7
Or,2024,Sunday,14,279,2.57
Or,2024,Sunday,15,65,0.6
Or,2024,Sunday,16,95,0.87
Or,2024,Sunday,17,130,1.2
Or,2024,Sunday,18,151,1.39
Or,2024,Sunday,19,199,1.83
Or,2024,Sunday,20,110,1.01
Or,2024,Sunday,21,32,0.29
Or,2024,Sunday,22,6,0.06
Or,2024,Sunday,23,29,0.27
Or,2024,Thursday,0,3,0.03
Or,2024,Thursday,1,31,0.29
Or,2024,Thursday,5,7,0.06
Or,2024,Thursday,6,11,0.1
Or,2024,Thursday,7,37,0.34
Or,2024,Thursday,8,57,0.52
Or,2024,Thursday,9,15,0.14
Or,2024,Thursday,10,57,0.52
Or,2024,Thursday,11,60,0.55
Or,2024,Thursday,12,79,0.73
Or,2024,Thursday,13,133,1.22
Or,2024,Thursday,14,195,1.79
Or,2024,Thursday,15,97,0.89
Or,2024,Thursday,16,89,0.82
Or,2024,Thursday,17,76,0.7
Or,2024,Thursday,18,79,0.73
Or,2024,Thursday,19,72,0.66
Or,2024,Thursday,20,164,1.51
Or,2024,Thursday,21,65,0.6
Or,2024,Thursday,22,36,0.33
Or,2024,Thursday,23,20,0.18
Or,2024,Tuesday,2,9,0.08
Or,2024,Tuesday,7,91,0.84
Or,2024,Tuesday,8,150,1.38
Or,2024,Tuesday,9,320,2.95
Or,2024,Tuesday,10,120,1.1
Or,2024,Tuesday,11,112,1.03
Or,2024,Tuesday,12,66,0.61
Or,2024,Tuesday,13,29,0.27
Or,2024,Tuesday,14,36,0.33
Or,2024,Tuesday,15,66,0.61
Or,2024,Tuesday,16,56,0.52
Or,2024,Tuesday,17,34,0.31
Or,2024,Tuesday,18,67,0.62
Or,2024,Tuesday,19,136,1.25
Or,2024,Tuesday,20,204,1.88
Or,2024,Tuesday,21,105,0.97
Or,2024,Tuesday,22,17,0.16
Or,2024,Tuesday,23,2,0.02
Or,2024,Wednesday,6,76,0.7
Or,2024,Wednesday,7,109,1.0
Or,2024,Wednesday,8,169,1.56
Or,2024,Wednesday,9,152,1.4
Or,2024,Wednesday,10,122,1.12
Or,2024,Wednesday,11,162,1.49
Or,2024,Wednesday,12,108,0.99
Or,2024,Wednesday,13,97,0.89
Or,2024,Wednesday,14,37,0.34
Or,2024,Wednesday,15,61,0.56
Or,2024,Wednesday,16,109,1.0
Or,2024,Wednesday,17,121,1.11
Or,2024,Wednesday,18,208,1.91
Or,2024,Wednesday,19,160,1.47
Or,2024,Wednesday,20,79,0.73
Or,2024,Wednesday,21,47,0.43
Or,2024,Wednesday,22,37,0.34
Or,2024,Wednesday,23,32,0.29
Or,2025,Friday,0,6,0.08
Or,2025,Friday,6,5,0.06
Or,2025,Friday,7,33,0.43
Or,2025,Friday,8,35,0.45
Or,2025,Friday,9,52,0.67
Or,2025,Friday,10,25,0.32
Or,2025,Friday,11,123,1.59
Or,2025,Friday,12,120,1.56
Or,2025,Friday,13,18,0.23
Or,2025,Friday,14,99,1.28
Or,2025,Friday,15,123,1.59
Or,2025,Friday,16,109,1.41
Or,2025,Friday,17,152,1.97
Or,2025,Friday,18,39,0.51
Or,2025,Friday,19,36,0.47
Or,2025,Friday,20,40,0.52
Or,2025,Friday,21,190,2.46
Or,2025,Friday,22,104,1.35
Or,2025,Friday,23,4,0.05
Or,2025,Monday,0,1,0.01
Or,2025,Monday,6,7,0.09
Or,2025,Monday,7,40,0.52
Or,2025,Monday,8,73,0.95
Or,2025,Monday,9,166,2.15
Or,2025,Monday,10,111,1.44
Or,2025,Monday,11,73,0.95
Or,2025,Monday,12,80,1.04
Or,2025,Monday,13,32,0.41
Or,2025,Monday,14,95,1.23
Or,2025,Monday,15,53,0.69
Or,2025,Monday,16,82,1.06
Or,2025,Monday,17,87,1.13
Or,2025,Monday,18,29,0.38
Or,2025,Monday,19,98,1.27
Or,2025,Monday,20,93,1.21
Or,2025,Monday,21,40,0.52
Or,2025,Monday,22,17,0.22
Or,2025,Monday,23,6,0.08
Or,2025,Saturday,9,15,0.19
Or,2025,Saturday,10,8,0.1
Or,2025,Saturday,11,41,0.53
Or,2025,Saturday,12,21,0.27
Or,2025,Saturday,13,11,0.14
Or,2025,Saturday,14,36,0.47
Or,2025,Saturday,15,14,0.18
Or,2025,Saturday,16,43,0.56
Or,2025,Saturday,17,55,0.71
Or,2025,Saturday,18,70,0.91
Or,2025,Saturday,19,10,0.13
Or,2025,Saturday,20,4,0.05
Or,2025,Saturday,21,29,0.38
Or,2025,Saturday,22,14,0.18
Or,2025,Sunday,5,4,0.05
Or,2025,Sunday,6,52,0.67
Or,2025,Sunday,7,112,1.45
Or,2025,Sunday,8,66,0.86
Or,2025,Sunday,9,84,1.09
Or,2025,Sunday,10,69,0.89
Or,2025,Sunday,11,111,1.44
Or,2025,Sunday,12,151,1.96
Or,2025,Sunday,13,72,0.93
Or,2025,Sunday,14,113,1.46
Or,2025,Sunday,15,32,0.41
Or,2025,Sunday,16,98,1.27
Or,2025,Sunday,17,76,0.98
Or,2025,Sunday,18,65,0.84
Or,2025,Sunday,19,64,0.83
Or,2025,Sunday,20,52,0.67
Or,2025,Sunday,21,19,0.25
Or,2025,Sunday,22,3,0.04
Or,2025,Thursday,6,58,0.75
Or,2025,Thursday,7,52,0.67
Or,2025,Thursday,8,78,1.01
Or,2025,Thursday,9,72,0.93
Or,2025,Thursday,10,32,0.41
Or,2025,Thursday,11,81,1.05
Or,2025,Thursday,12,52,0.67
Or,2025,Thursday,13,65,0.84
Or,2025,Thursday,14,38,0.49
Or,2025,Thursday,15,79,1.02
Or,2025,Thursday,16,50,0.65
Or,2025,Thursday,17,46,0.6
Or,2025,Thursday,18,57,0.74
Or,2025,Thursday,19,63,0.82
Or,2025,Thursday,20,48,0.62
Or,2025,Thursday,21,13,0.17
Or,2025,Thursday,22,1,0.01
Or,2025,Tuesday,6,17,0.22
Or,2025,Tuesday,7,94,1.22
Or,2025,Tuesday,8,197,2.55
Or,2025,Tuesday,9,95,1.23
Or,2025,Tuesday,10,222,2.88
Or,2025,Tuesday,11,123,1.59
Or,2025,Tuesday,12,87,1.13
Or,2025,Tuesday,13,99,1.28
Or,2025,Tuesday,14,56,0.73
Or,2025,Tuesday,15,23,0.3
Or,2025,Tuesday,16,60,0.78
Or,2025,Tuesday,17,32,0.41
Or,2025,Tuesday,18,17,0.22
Or,2025,Tuesday,19,77,1.0
Or,2025,Tuesday,20,45,0.58
Or,2025,Tuesday,21,22,0.29
Or,2025,Tuesday,22,11,0.14
Or,2025,Tuesday,23,8,0.1
Or,2025,Wednesday,6,48,0.62
Or,2025,Wednesday,7,218,2.82
Or,2025,Wednesday,8,160,2.07
Or,2025,Wednesday,9,63,0.82
Or,2025,Wednesday,10,40,0.52
Or,2025,Wednesday,11,57,0.74
Or,2025,Wednesday,12,97,1.26
Or,2025,Wednesday,13,100,1.3
Or,2025,Wednesday,14,64,0.83
Or,2025,Wednesday,15,104,1.35
Or,2025,Wednesday,16,46,0.6
Or,2025,Wednesday,17,85,1.1
Or,2025,Wednesday,18,117,1.52
Or,2025,Wednesday,19,120,1.56
Or,2025,Wednesday,20,48,0.62
Or,2025,Wednesday,21,48,0.62
Or,2025,Wednesday,22,1,0.01
Or,2025,Wednesday,23,21,0.27
Or,2026,Friday,0,4,0.1
Or,2026,Friday,8,15,0.38
Or,2026,Friday,10,14,0.35
Or,2026,Friday,11,22,0.55
Or,2026,Friday,12,47,1.18
Or,2026,Friday,13,69,1.74
Or,2026,Friday,14,56,1.41
Or,2026,Friday,15,73,1.84
Or,2026,Friday,16,43,1.08
Or,2026,Friday,17,63,1.58
Or,2026,Friday,18,66,1.66
Or,2026,Friday,19,12,0.3
Or,2026,Friday,20,31,0.78
Or,2026,Friday,21,187,4.7
Or,2026,Friday,22,112,2.82
Or,2026,Friday,23,3,0.08
Or,2026,Monday,7,49,1.23
Or,2026,Monday,8,34,0.86
Or,2026,Monday,9,11,0.28
Or,2026,Monday,10,25,0.63
Or,2026,Monday,11,43,1.08
Or,2026,Monday,12,73,1.84
Or,2026,Monday,13,22,0.55
Or,2026,Monday,14,2,0.05
Or,2026,Monday,15,8,0.2
Or,2026,Monday,16,6,0.15
Or,2026,Monday,17,9,0.23
Or,2026,Monday,18,20,0.5
Or,2026,Monday,19,98,2.47
Or,2026,Monday,20,20,0.5
Or,2026,Monday,21,16,0.4
Or,2026,Monday,22,15,0.38
Or,2026,Monday,23,4,0.1
Or,2026,Saturday,9,4,0.1
Or,2026,Saturday,10,22,0.55
Or,2026,Saturday,11,22,0.55
Or,2026,Saturday,12,40,1.01
Or,2026,Saturday,13,36,0.91
Or,2026,Saturday,14,12,0.3
Or,2026,Saturday,15,14,0.35
Or,2026,Saturday,16,12,0.3
Or,2026,Saturday,17,41,1.03
Or,2026,Saturday,18,103,2.59
Or,2026,Saturday,19,49,1.23
Or,2026,Saturday,20,34,0.86
Or,2026,Saturday,21,31,0.78
Or,2026,Saturday,22,44,1.11
Or,2026,Sunday,8,6,0.15
Or,2026,Sunday,9,13,0.33
Or,2026,Sunday,10,18,0.45
Or,2026,Sunday,11,18,0.45
Or,2026,Sunday,12,45,1.13
Or,2026,Sunday,13,28,0.7
Or,2026,Sunday,14,15,0.38
Or,2026,Sunday,15,34,0.86
Or,2026,Sunday,16,35,0.88
Or,2026,Sunday,17,72,1.81
Or,2026,Sunday,18,20,0.5
Or,2026,Sunday,19,31,0.78
Or,2026,Sunday,20,46,1.16
Or,2026,Sunday,22,14,0.35
Or,2026,Thursday,6,8,0.2
Or,2026,Thursday,7,42,1.06
Or,2026,Thursday,8,11,0.28
Or,2026,Thursday,9,52,1.31
Or,2026,Thursday,10,46,1.16
Or,2026,Thursday,11,28,0.7
Or,2026,Thursday,12,56,1.41
Or,2026,Thursday,13,36,0.91
Or,2026,Thursday,14,74,1.86
Or,2026,Thursday,15,33,0.83
Or,2026,Thursday,16,14,0.35
Or,2026,Thursday,17,58,1.46
Or,2026,Thursday,18,78,1.96
Or,2026,Thursday,19,13,0.33
Or,2026,Thursday,20,34,0.86
Or,2026,Thursday,21,20,0.5
Or,2026,Thursday,22,23,0.58
Or,2026,Thursday,23,22,0.55
Or,2026,Tuesday,7,46,1.16
Or,2026,Tuesday,8,62,1.56
Or,2026,Tuesday,9,38,0.96
Or,2026,Tuesday,10,59,1.48
Or,2026,Tuesday,11,53,1.33
Or,2026,Tuesday,12,52,1.31
Or,2026,Tuesday,13,39,0.98
Or,2026,Tuesday,14,45,1.13
Or,2026,Tuesday,15,41,1.03
Or,2026,Tuesday,16,54,1.36
Or,2026,Tuesday,18,11,0.28
Or,2026,Tuesday,19,22,0.55
Or,2026,Tuesday,20,2,0.05
Or,2026,Wednesday,7,24,0.6
Or,2026,Wednesday,8,25,0.63
Or,2026,Wednesday,9,65,1.64
Or,2026,Wednesday,10,55,1.38
Or,2026,Wednesday,11,58,1.46
Or,2026,Wednesday,12,52,1.31
Or,2026,Wednesday,13,52,1.31
Or,2026,Wednesday,14,55,1.38
Or,2026,Wednesday,15,21,0.53
Or,2026,Wednesday,16,16,0.4
Or,2026,Wednesday,17,48,1.21
Or,2026,Wednesday,18,60,1.51
Or,2026,Wednesday,19,37,0.93
Or,2026,Wednesday,20,44,1.11
Or,2026,Wednesday,21,3,0.08
Or,2026,Wednesday,22,27,0.68
Or,2026,Wednesday,23,30,0.75
Roman,2019,Friday,9,7,0.48
Roman,2019,Friday,10,80,5.46
Roman,2019,Friday,11,2,0.14
Roman,2019,Friday,12,62,4.23
Roman,2019,Friday,13,41,2.8
Roman,2019,Friday,14,24,1.64
Roman,2019,Friday,16,15,1.02
Roman,2019,Friday,17,30,2.05
Roman,2019,Friday,18,6,0.41
Roman,2019,Monday,10,1,0.07
Roman,2019,Monday,11,39,2.66
Roman,2019,Monday,12,10,0.68
Roman,2019,Monday,13,19,1.3
Roman,2019,Monday,15,60,4.1
Roman,2019,Monday,16,54,3.69
Roman,2019,Monday,17,3,0.2
Roman,2019,Saturday,19,12,0.82
Roman,2019,Saturday,20,31,2.12
Roman,2019,Saturday,21,22,1.5
Roman,2019,Saturday,22,15,1.02
Roman,2019,Saturday,23,1,0.07
Roman,2019,Sunday,8,35,2.39
Roman,2019,Sunday,9,21,1.43
Roman,2019,Sunday,11,24,1.64
Roman,2019,Sunday,14,2,0.14
Roman,2019,Sunday,16,3,0.2
Roman,2019,Thursday,6,2,0.14
Roman,2019,Thursday,7,2,0.14
Roman,2019,Thursday,10,16,1.09
Roman,2019,Thursday,11,14,0.96
Roman,2019,Thursday,12,26,1.78
Roman,2019,Thursday,13,72,4.92
Roman,2019,Thursday,14,141,9.63
Roman,2019,Thursday,15,41,2.8
Roman,2019,Thursday,16,31,2.12
Roman,2019,Thursday,17,8,0.55
Roman,2019,Thursday,18,4,0.27
Roman,2019,Thursday,20,5,0.34
Roman,2019,Thursday,21,8,0.55
Roman,2019,Thursday,22,60,4.1
Roman,2019,Tuesday,8,8,0.55
Roman,2019,Tuesday,9,20,1.37
Roman,2019,Tuesday,10,25,1.71
Roman,2019,Tuesday,11,12,0.82
Roman,2019,Tuesday,15,1,0.07
Roman,2019,Tuesday,16,3,0.2
Roman,2019,Tuesday,19,8,0.55
Roman,2019,Tuesday,21,10,0.68
Roman,2019,Tuesday,22,18,1.23
Roman,2019,Wednesday,8,1,0.07
Roman,2019,Wednesday,9,62,4.23
Roman,2019,Wednesday,10,75,5.12
Roman,2019,Wednesday,11,25,1.71
Roman,2019,Wednesday,13,12,0.82
Roman,2019,Wednesday,18,13,0.89
Roman,2019,Wednesday,19,24,1.64
Roman,2019,Wednesday,20,41,2.8
Roman,2019,Wednesday,21,28,1.91
Roman,2019,Wednesday,22,29,1.98
Roman,2020,Friday,2,10,0.35
Roman,2020,Friday,7,1,0.04
Roman,2020,Friday,10,22,0.77
Roman,2020,Friday,11,30,1.05
Roman,2020,Friday,12,37,1.3
Roman,2020,Friday,13,11,0.39
Roman,2020,Friday,14,45,1.58
Roman,2020,Friday,15,33,1.16
Roman,2020,Friday,16,51,1.79
Roman,2020,Friday,17,88,3.09
Roman,2020,Friday,18,19,0.67
Roman,2020,Friday,19,14,0.49
Roman,2020,Friday,22,1,0.04
Roman,2020,Monday,6,3,0.11
Roman,2020,Monday,7,16,0.56
Roman,2020,Monday,8,11,0.39
Roman,2020,Monday,9,14,0.49
Roman,2020,Monday,10,1,0.04
Roman,2020,Monday,11,20,0.7
Roman,2020,Monday,12,2,0.07
Roman,2020,Monday,13,26,0.91
Roman,2020,Monday,14,39,1.37
Roman,2020,Monday,15,54,1.9
Roman,2020,Monday,16,49,1.72
Roman,2020,Monday,17,53,1.86
Roman,2020,Monday,18,14,0.49
Roman,2020,Monday,19,21,0.74
Roman,2020,Monday,20,22,0.77
Roman,2020,Monday,21,16,0.56
Roman,2020,Monday,22,20,0.7
Roman,2020,Monday,23,7,0.25
Roman,2020,Saturday,11,2,0.07
Roman,2020,Saturday,12,12,0.42
Roman,2020,Saturday,13,1,0.04
Roman,2020,Saturday,14,2,0.07
Roman,2020,Saturday,18,12,0.42
Roman,2020,Saturday,19,5,0.18
Roman,2020,Saturday,20,17,0.6
Roman,2020,Saturday,21,26,0.91
Roman,2020,Saturday,22,49,1.72
Roman,2020,Saturday,23,75,2.64
Roman,2020,Sunday,0,2,0.07
Roman,2020,Sunday,7,11,0.39
Roman,2020,Sunday,8,19,0.67
Roman,2020,Sunday,9,41,1.44
Roman,2020,Sunday,10,84,2.95
Roman,2020,Sunday,11,40,1.41
Roman,2020,Sunday,12,9,0.32
Roman,2020,Sunday,13,48,1.69
Roman,2020,Sunday,14,75,2.64
Roman,2020,Sunday,15,89,3.13
Roman,2020,Sunday,16,96,3.38
Roman,2020,Sunday,17,61,2.14
Roman,2020,Sunday,18,13,0.46
Roman,2020,Sunday,19,2,0.07
Roman,2020,Sunday,20,18,0.63
Roman,2020,Sunday,21,3,0.11
Roman,2020,Sunday,22,19,0.67
Roman,2020,Sunday,23,2,0.07
Roman,2020,Thursday,6,17,0.6
Roman,2020,Thursday,7,46,1.62
Roman,2020,Thursday,8,44,1.55
Roman,2020,Thursday,9,12,0.42
Roman,2020,Thursday,10,29,1.02
Roman,2020,Thursday,11,38,1.34
Roman,2020,Thursday,12,72,2.53
Roman,2020,Thursday,13,46,1.62
Roman,2020,Thursday,14,63,2.22
Roman,2020,Thursday,15,41,1.44
Roman,2020,Thursday,16,50,1.76
Roman,2020,Thursday,17,12,0.42
Roman,2020,Thursday,18,14,0.49
Roman,2020,Thursday,19,82,2.88
Roman,2020,Thursday,20,60,2.11
Roman,2020,Thursday,21,27,0.95
Roman,2020,Thursday,22,32,1.13
Roman,2020,Thursday,23,12,0.42
Roman,2020,Tuesday,7,1,0.04
Roman,2020,Tuesday,8,22,0.77
Roman,2020,Tuesday,9,6,0.21
Roman,2020,Tuesday,10,9,0.32
Roman,2020,Tuesday,11,10,0.35
Roman,2020,Tuesday,12,1,0.04
Roman,2020,Tuesday,13,28,0.98
Roman,2020,Tuesday,14,9,0.32
Roman,2020,Tuesday,15,25,0.88
Roman,2020,Tuesday,16,145,5.1
Roman,2020,Tuesday,17,74,2.6
Roman,2020,Tuesday,18,8,0.28
Roman,2020,Tuesday,19,6,0.21
Roman,2020,Tuesday,20,23,0.81
Roman,2020,Tuesday,21,6,0.21
Roman,2020,Tuesday,22,16,0.56
Roman,2020,Tuesday,23,19,0.67
Roman,2020,Wednesday,5,1,0.04
Roman,2020,Wednesday,6,27,0.95
Roman,2020,Wednesday,8,19,0.67
Roman,2020,Wednesday,10,4,0.14
Roman,2020,Wednesday,13,1,0.04
Roman,2020,Wednesday,15,10,0.35
Roman,2020,Wednesday,16,1,0.04
Roman,2020,Wednesday,17,25,0.88
Roman,2020,Wednesday,19,7,0.25
Roman,2020,Wednesday,20,5,0.18
Roman,2020,Wednesday,21,10,0.35
Roman,2020,Wednesday,22,29,1.02
Roman,2020,Wednesday,23,17,0.6
Roman,2021,Friday,0,45,0.29
Roman,2021,Friday,8,49,0.32
Roman,2021,Friday,9,64,0.42
Roman,2021,Friday,10,201,1.31
Roman,2021,Friday,11,303,1.98
Roman,2021,Friday,12,221,1.45
Roman,2021,Friday,13,138,0.9
Roman,2021,Friday,14,119,0.78
Roman,2021,Friday,15,75,0.49
Roman,2021,Friday,16,116,0.76
Roman,2021,Friday,17,339,2.22
Roman,2021,Friday,18,322,2.11
Roman,2021,Friday,19,354,2.32
Roman,2021,Friday,20,173,1.13
Roman,2021,Friday,21,120,0.78
Roman,2021,Friday,22,43,0.28
Roman,2021,Friday,23,2,0.01
Roman,2021,Monday,7,10,0.07
Roman,2021,Monday,8,46,0.3
Roman,2021,Monday,9,126,0.82
Roman,2021,Monday,10,85,0.56
Roman,2021,Monday,11,52,0.34
Roman,2021,Monday,12,58,0.38
Roman,2021,Monday,13,83,0.54
Roman,2021,Monday,14,161,1.05
Roman,2021,Monday,15,208,1.36
Roman,2021,Monday,16,84,0.55
Roman,2021,Monday,17,75,0.49
Roman,2021,Monday,18,194,1.27
Roman,2021,Monday,19,68,0.44
Roman,2021,Monday,20,96,0.63
Roman,2021,Monday,21,40,0.26
Roman,2021,Monday,22,47,0.31
Roman,2021,Monday,23,59,0.39
Roman,2021,Saturday,0,31,0.2
Roman,2021,Saturday,1,7,0.05
Roman,2021,Saturday,8,4,0.03
Roman,2021,Saturday,9,26,0.17
Roman,2021,Saturday,10,82,0.54
Roman,2021,Saturday,11,303,1.98
Roman,2021,Saturday,12,166,1.09
Roman,2021,Saturday,13,101,0.66
Roman,2021,Saturday,14,113,0.74
Roman,2021,Saturday,15,119,0.78
Roman,2021,Saturday,16,112,0.73
Roman,2021,Saturday,17,94,0.61
Roman,2021,Saturday,18,114,0.75
Roman,2021,Saturday,19,120,0.78
Roman,2021,Saturday,20,157,1.03
Roman,2021,Saturday,21,127,0.83
Roman,2021,Saturday,22,103,0.67
Roman,2021,Saturday,23,67,0.44
Roman,2021,Sunday,0,21,0.14
Roman,2021,Sunday,6,14,0.09
Roman,2021,Sunday,7,143,0.94
Roman,2021,Sunday,8,225,1.47
Roman,2021,Sunday,9,381,2.49
Roman,2021,Sunday,10,397,2.6
Roman,2021,Sunday,11,207,1.35
Roman,2021,Sunday,12,176,1.15
Roman,2021,Sunday,13,88,0.58
Roman,2021,Sunday,14,171,1.12
Roman,2021,Sunday,15,189,1.24
Roman,2021,Sunday,16,97,0.63
Roman,2021,Sunday,17,87,0.57
Roman,2021,Sunday,18,207,1.35
Roman,2021,Sunday,19,138,0.9
Roman,2021,Sunday,20,156,1.02
Roman,2021,Sunday,21,73,0.48
Roman,2021,Sunday,22,34,0.22
Roman,2021,Sunday,23,9,0.06
Roman,2021,Thursday,0,19,0.12
Roman,2021,Thursday,1,18,0.12
Roman,2021,Thursday,2,17,0.11
Roman,2021,Thursday,3,18,0.12
Roman,2021,Thursday,4,17,0.11
Roman,2021,Thursday,5,18,0.12
Roman,2021,Thursday,6,24,0.16
Roman,2021,Thursday,7,17,0.11
Roman,2021,Thursday,8,37,0.24
Roman,2021,Thursday,9,69,0.45
Roman,2021,Thursday,10,68,0.44
Roman,2021,Thursday,11,138,0.9
Roman,2021,Thursday,12,253,1.65
Roman,2021,Thursday,13,269,1.76
Roman,2021,Thursday,14,263,1.72
Roman,2021,Thursday,15,251,1.64
Roman,2021,Thursday,16,195,1.28
Roman,2021,Thursday,17,101,0.66
Roman,2021,Thursday,18,273,1.79
Roman,2021,Thursday,19,157,1.03
Roman,2021,Thursday,20,86,0.56
Roman,2021,Thursday,21,84,0.55
Roman,2021,Thursday,22,50,0.33
Roman,2021,Thursday,23,32,0.21
Roman,2021,Tuesday,6,14,0.09
Roman,2021,Tuesday,7,85,0.56
Roman,2021,Tuesday,8,149,0.97
Roman,2021,Tuesday,9,110,0.72
Roman,2021,Tuesday,10,109,0.71
Roman,2021,Tuesday,11,95,0.62
Roman,2021,Tuesday,12,59,0.39
Roman,2021,Tuesday,13,113,0.74
Roman,2021,Tuesday,14,180,1.18
Roman,2021,Tuesday,15,194,1.27
Roman,2021,Tuesday,16,173,1.13
Roman,2021,Tuesday,17,149,0.97
Roman,2021,Tuesday,18,126,0.82
Roman,2021,Tuesday,19,73,0.48
Roman,2021,Tuesday,20,124,0.81
Roman,2021,Tuesday,21,98,0.64
Roman,2021,Tuesday,22,18,0.12
Roman,2021,Tuesday,23,39,0.26
Roman,2021,Wednesday,6,3,0.02
Roman,2021,Wednesday,7,36,0.24
Roman,2021,Wednesday,8,28,0.18
Roman,2021,Wednesday,9,175,1.14
Roman,2021,Wednesday,10,142,0.93
Roman,2021,Wednesday,11,270,1.77
Roman,2021,Wednesday,12,181,1.18
Roman,2021,Wednesday,13,163,1.07
Roman,2021,Wednesday,14,156,1.02
Roman,2021,Wednesday,15,125,0.82
Roman,2021,Wednesday,16,244,1.6
Roman,2021,Wednesday,17,189,1.24
Roman,2021,Wednesday,18,62,0.41
Roman,2021,Wednesday,19,87,0.57
Roman,2021,Wednesday,20,38,0.25
Roman,2021,Wednesday,21,39,0.26
Roman,2021,Wednesday,22,57,0.37
Roman,2021,Wednesday,23,78,0.51
Roman,2022,Friday,0,9,0.08
Roman,2022,Friday,7,7,0.06
Roman,2022,Friday,8,30,0.26
Roman,2022,Friday,9,34,0.29
Roman,2022,Friday,10,85,0.72
Roman,2022,Friday,11,157,1.33
Roman,2022,Friday,12,74,0.63
Roman,2022,Friday,13,118,1.0
Roman,2022,Friday,14,65,0.55
Roman,2022,Friday,15,185,1.57
Roman,2022,Friday,16,159,1.35
Roman,2022,Friday,17,77,0.65
Roman,2022,Friday,18,20,0.17
Roman,2022,Friday,19,96,0.82
Roman,2022,Friday,20,88,0.75
Roman,2022,Friday,21,266,2.26
Roman,2022,Friday,22,23,0.2
Roman,2022,Friday,23,3,0.03
Roman,2022,Monday,0,6,0.05
Roman,2022,Monday,7,60,0.51
Roman,2022,Monday,8,31,0.26
Roman,2022,Monday,9,45,0.38
Roman,2022,Monday,10,39,0.33
Roman,2022,Monday,11,54,0.46
Roman,2022,Monday,12,33,0.28
Roman,2022,Monday,13,47,0.4
Roman,2022,Monday,14,36,0.31
Roman,2022,Monday,15,7,0.06
Roman,2022,Monday,16,498,4.23
Roman,2022,Monday,17,90,0.77
Roman,2022,Monday,18,179,1.52
Roman,2022,Monday,19,173,1.47
Roman,2022,Monday,20,180,1.53
Roman,2022,Monday,21,58,0.49
Roman,2022,Monday,22,3,0.03
Roman,2022,Saturday,10,107,0.91
Roman,2022,Saturday,11,96,0.82
Roman,2022,Saturday,12,46,0.39
Roman,2022,Saturday,13,59,0.5
Roman,2022,Saturday,14,28,0.24
Roman,2022,Saturday,15,107,0.91
Roman,2022,Saturday,16,32,0.27
Roman,2022,Saturday,17,89,0.76
Roman,2022,Saturday,18,103,0.88
Roman,2022,Saturday,19,82,0.7
Roman,2022,Saturday,20,199,1.69
Roman,2022,Saturday,21,49,0.42
Roman,2022,Saturday,22,22,0.19
Roman,2022,Saturday,23,6,0.05
Roman,2022,Sunday,0,1,0.01
Roman,2022,Sunday,7,9,0.08
Roman,2022,Sunday,8,23,0.2
Roman,2022,Sunday,9,11,0.09
Roman,2022,Sunday,10,28,0.24
Roman,2022,Sunday,11,41,0.35
Roman,2022,Sunday,12,53,0.45
Roman,2022,Sunday,13,60,0.51
Roman,2022,Sunday,14,130,1.11
Roman,2022,Sunday,15,30,0.26
Roman,2022,Sunday,16,592,5.03
Roman,2022,Sunday,17,179,1.52
Roman,2022,Sunday,18,142,1.21
Roman,2022,Sunday,19,206,1.75
Roman,2022,Sunday,20,118,1.0
Roman,2022,Sunday,21,81,0.69
Roman,2022,Sunday,22,2,0.02
Roman,2022,Sunday,23,6,0.05
Roman,2022,Thursday,0,6,0.05
Roman,2022,Thursday,5,1,0.01
Roman,2022,Thursday,7,1,0.01
Roman,2022,Thursday,8,10,0.09
Roman,2022,Thursday,9,8,0.07
Roman,2022,Thursday,10,8,0.07
Roman,2022,Thursday,11,50,0.43
Roman,2022,Thursday,12,78,0.66
Roman,2022,Thursday,13,79,0.67
Roman,2022,Thursday,14,60,0.51
Roman,2022,Thursday,15,718,6.1
Roman,2022,Thursday,16,262,2.23
Roman,2022,Thursday,17,98,0.83
Roman,2022,Thursday,18,11,0.09
Roman,2022,Thursday,19,32,0.27
Roman,2022,Thursday,20,76,0.65
Roman,2022,Thursday,21,164,1.39
Roman,2022,Thursday,22,180,1.53
Roman,2022,Thursday,23,58,0.49
Roman,2022,Tuesday,6,1,0.01
Roman,2022,Tuesday,8,16,0.14
Roman,2022,Tuesday,9,5,0.04
Roman,2022,Tuesday,10,16,0.14
Roman,2022,Tuesday,11,54,0.46
Roman,2022,Tuesday,12,53,0.45
Roman,2022,Tuesday,13,40,0.34
Roman,2022,Tuesday,14,114,0.97
Roman,2022,Tuesday,15,92,0.78
Roman,2022,Tuesday,16,546,4.64
Roman,2022,Tuesday,17,147,1.25
Roman,2022,Tuesday,18,87,0.74
Roman,2022,Tuesday,19,230,1.96
Roman,2022,Tuesday,20,188,1.6
Roman,2022,Tuesday,21,162,1.38
Roman,2022,Tuesday,22,4,0.03
Roman,2022,Wednesday,0,16,0.14
Roman,2022,Wednesday,5,1,0.01
Roman,2022,Wednesday,8,2,0.02
Roman,2022,Wednesday,9,35,0.3
Roman,2022,Wednesday,10,67,0.57
Roman,2022,Wednesday,11,31,0.26
Roman,2022,Wednesday,12,146,1.24
Roman,2022,Wednesday,13,58,0.49
Roman,2022,Wednesday,14,104,0.88
Roman,2022,Wednesday,15,138,1.17
Roman,2022,Wednesday,16,783,6.66
Roman,2022,Wednesday,17,217,1.85
Roman,2022,Wednesday,18,195,1.66
Roman,2022,Wednesday,19,229,1.95
Roman,2022,Wednesday,20,174,1.48
Roman,2022,Wednesday,21,125,1.06
Roman,2022,Wednesday,22,9,0.08
Roman,2022,Wednesday,23,4,0.03
Roman,2023,Friday,0,45,0.36
Roman,2023,Friday,3,1,0.01
Roman,2023,Friday,6,1,0.01
Roman,2023,Friday,7,6,0.05
Roman,2023,Friday,8,7,0.06
Roman,2023,Friday,9,51,0.41
Roman,2023,Friday,10,35,0.28
Roman,2023,Friday,11,37,0.3
Roman,2023,Friday,12,36,0.29
Roman,2023,Friday,13,99,0.79
Roman,2023,Friday,14,89,0.71
Roman,2023,Friday,15,64,0.51
Roman,2023,Friday,16,18,0.14
Roman,2023,Friday,17,92,0.74
Roman,2023,Friday,18,55,0.44
Roman,2023,Friday,19,12,0.1
Roman,2023,Friday,20,6,0.05
Roman,2023,Friday,21,38,0.3
Roman,2023,Friday,22,52,0.42
Roman,2023,Friday,23,43,0.34
Roman,2023,Monday,0,83,0.66
Roman,2023,Monday,1,6,0.05
Roman,2023,Monday,7,10,0.08
Roman,2023,Monday,8,15,0.12
Roman,2023,Monday,9,144,1.15
Roman,2023,Monday,10,119,0.95
Roman,2023,Monday,11,138,1.1
Roman,2023,Monday,12,70,0.56
Roman,2023,Monday,13,69,0.55
Roman,2023,Monday,14,125,1.0
Roman,2023,Monday,15,209,1.67
Roman,2023,Monday,16,161,1.29
Roman,2023,Monday,17,169,1.35
Roman,2023,Monday,18,315,2.52
Roman,2023,Monday,19,264,2.11
Roman,2023,Monday,20,136,1.09
Roman,2023,Monday,21,195,1.56
Roman,2023,Monday,22,257,2.05
Roman,2023,Monday,23,154,1.23
Roman,2023,Saturday,0,31,0.25
Roman,2023,Saturday,1,19,0.15
Roman,2023,Saturday,2,13,0.1
Roman,2023,Saturday,9,1,0.01
Roman,2023,Saturday,12,1,0.01
Roman,2023,Saturday,13,1,0.01
Roman,2023,Saturday,14,3,0.02
Roman,2023,Saturday,16,15,0.12
Roman,2023,Saturday,17,29,0.23
Roman,2023,Saturday,18,46,0.37
Roman,2023,Saturday,19,25,0.2
Roman,2023,Saturday,20,68,0.54
Roman,2023,Saturday,21,215,1.72
Roman,2023,Saturday,22,257,2.05
Roman,2023,Saturday,23,131,1.05
Roman,2023,Sunday,0,48,0.38
Roman,2023,Sunday,1,10,0.08
Roman,2023,Sunday,7,7,0.06
Roman,2023,Sunday,8,27,0.22
Roman,2023,Sunday,9,17,0.14
Roman,2023,Sunday,10,56,0.45
Roman,2023,Sunday,11,80,0.64
Roman,2023,Sunday,12,125,1.0
Roman,2023,Sunday,13,142,1.14
Roman,2023,Sunday,14,135,1.08
Roman,2023,Sunday,15,126,1.01
Roman,2023,Sunday,16,186,1.49
Roman,2023,Sunday,17,146,1.17
Roman,2023,Sunday,18,107,0.86
Roman,2023,Sunday,19,149,1.19
Roman,2023,Sunday,20,223,1.78
Roman,2023,Sunday,21,190,1.52
Roman,2023,Sunday,22,225,1.8
Roman,2023,Sunday,23,150,1.2
Roman,2023,Thursday,0,56,0.45
Roman,2023,Thursday,1,20,0.16
Roman,2023,Thursday,8,21,0.17
Roman,2023,Thursday,9,5,0.04
Roman,2023,Thursday,10,3,0.02
Roman,2023,Thursday,11,95,0.76
Roman,2023,Thursday,12,114,0.91
Roman,2023,Thursday,13,97,0.78
Roman,2023,Thursday,14,142,1.14
Roman,2023,Thursday,15,147,1.18
Roman,2023,Thursday,16,190,1.52
Roman,2023,Thursday,17,86,0.69
Roman,2023,Thursday,18,114,0.91
Roman,2023,Thursday,19,87,0.7
Roman,2023,Thursday,20,109,0.87
Roman,2023,Thursday,21,175,1.4
Roman,2023,Thursday,22,217,1.73
Roman,2023,Thursday,23,227,1.81
Roman,2023,Tuesday,0,54,0.43
Roman,2023,Tuesday,1,24,0.19
Roman,2023,Tuesday,2,7,0.06
Roman,2023,Tuesday,7,3,0.02
Roman,2023,Tuesday,8,30,0.24
Roman,2023,Tuesday,9,4,0.03
Roman,2023,Tuesday,10,27,0.22
Roman,2023,Tuesday,11,148,1.18
Roman,2023,Tuesday,12,122,0.98
Roman,2023,Tuesday,13,131,1.05
Roman,2023,Tuesday,14,90,0.72
Roman,2023,Tuesday,15,106,0.85
Roman,2023,Tuesday,16,134,1.07
Roman,2023,Tuesday,17,122,0.98
Roman,2023,Tuesday,18,123,0.98
Roman,2023,Tuesday,19,120,0.96
Roman,2023,Tuesday,20,81,0.65
Roman,2023,Tuesday,21,193,1.54
Roman,2023,Tuesday,22,294,2.35
Roman,2023,Tuesday,23,169,1.35
Roman,2023,Wednesday,0,88,0.7
Roman,2023,Wednesday,1,57,0.46
Roman,2023,Wednesday,2,20,0.16
Roman,2023,Wednesday,7,11,0.09
Roman,2023,Wednesday,8,41,0.33
Roman,2023,Wednesday,9,117,0.94
Roman,2023,Wednesday,10,205,1.64
Roman,2023,Wednesday,11,140,1.12
Roman,2023,Wednesday,12,113,0.9
Roman,2023,Wednesday,13,111,0.89
Roman,2023,Wednesday,14,156,1.25
Roman,2023,Wednesday,15,110,0.88
Roman,2023,Wednesday,16,116,0.93
Roman,2023,Wednesday,17,59,0.47
Roman,2023,Wednesday,18,76,0.61
Roman,2023,Wednesday,19,98,0.78
Roman,2023,Wednesday,20,115,0.92
Roman,2023,Wednesday,21,141,1.13
Roman,2023,Wednesday,22,254,2.03
Roman,2023,Wednesday,23,164,1.31
Roman,2024,Friday,0,117,0.73
Roman,2024,Friday,1,24,0.15
Roman,2024,Friday,7,12,0.08
Roman,2024,Friday,8,30,0.19
Roman,2024,Friday,9,12,0.08
Roman,2024,Friday,10,41,0.26
Roman,2024,Friday,11,75,0.47
Roman,2024,Friday,12,59,0.37
Roman,2024,Friday,13,176,1.1
Roman,2024,Friday,14,224,1.4
Roman,2024,Friday,15,240,1.5
Roman,2024,Friday,16,209,1.31
Roman,2024,Friday,17,146,0.91
Roman,2024,Friday,18,111,0.69
Roman,2024,Friday,19,21,0.13
Roman,2024,Friday,20,1,0.01
Roman,2024,Friday,21,3,0.02
Roman,2024,Friday,22,14,0.09
Roman,2024,Friday,23,18,0.11
Roman,2024,Monday,0,159,1.0
Roman,2024,Monday,1,7,0.04
Roman,2024,Monday,7,4,0.03
Roman,2024,Monday,8,70,0.44
Roman,2024,Monday,9,39,0.24
Roman,2024,Monday,10,47,0.29
Roman,2024,Monday,11,78,0.49
Roman,2024,Monday,12,85,0.53
Roman,2024,Monday,13,188,1.18
Roman,2024,Monday,14,121,0.76
Roman,2024,Monday,15,68,0.43
Roman,2024,Monday,16,105,0.66
Roman,2024,Monday,17,103,0.64
Roman,2024,Monday,18,134,0.84
Roman,2024,Monday,19,114,0.71
Roman,2024,Monday,20,201,1.26
Roman,2024,Monday,21,218,1.36
Roman,2024,Monday,22,353,2.21
Roman,2024,Monday,23,359,2.25
Roman,2024,Saturday,0,18,0.11
Roman,2024,Saturday,1,7,0.04
Roman,2024,Saturday,13,1,0.01
Roman,2024,Saturday,14,3,0.02
Roman,2024,Saturday,15,16,0.1
Roman,2024,Saturday,16,14,0.09
Roman,2024,Saturday,17,38,0.24
Roman,2024,Saturday,18,61,0.38
Roman,2024,Saturday,19,95,0.59
Roman,2024,Saturday,20,130,0.81
Roman,2024,Saturday,21,214,1.34
Roman,2024,Saturday,22,282,1.76
Roman,2024,Saturday,23,346,2.17
Roman,2024,Sunday,0,235,1.47
Roman,2024,Sunday,1,70,0.44
Roman,2024,Sunday,2,1,0.01
Roman,2024,Sunday,7,18,0.11
Roman,2024,Sunday,8,61,0.38
Roman,2024,Sunday,9,24,0.15
Roman,2024,Sunday,10,41,0.26
Roman,2024,Sunday,11,99,0.62
Roman,2024,Sunday,12,41,0.26
Roman,2024,Sunday,13,38,0.24
Roman,2024,Sunday,14,77,0.48
Roman,2024,Sunday,15,108,0.68
Roman,2024,Sunday,16,160,1.0
Roman,2024,Sunday,17,107,0.67
Roman,2024,Sunday,18,99,0.62
Roman,2024,Sunday,19,109,0.68
Roman,2024,Sunday,20,139,0.87
Roman,2024,Sunday,21,212,1.33
Roman,2024,Sunday,22,377,2.36
Roman,2024,Sunday,23,389,2.43
Roman,2024,Thursday,0,174,1.09
Roman,2024,Thursday,1,29,0.18
Roman,2024,Thursday,2,1,0.01
Roman,2024,Thursday,6,1,0.01
Roman,2024,Thursday,7,8,0.05
Roman,2024,Thursday,8,34,0.21
Roman,2024,Thursday,9,55,0.34
Roman,2024,Thursday,10,48,0.3
Roman,2024,Thursday,11,78,0.49
Roman,2024,Thursday,12,45,0.28
Roman,2024,Thursday,13,180,1.13
Roman,2024,Thursday,14,127,0.79
Roman,2024,Thursday,15,138,0.86
Roman,2024,Thursday,16,210,1.31
Roman,2024,Thursday,17,164,1.03
Roman,2024,Thursday,18,192,1.2
Roman,2024,Thursday,19,146,0.91
Roman,2024,Thursday,20,198,1.24
Roman,2024,Thursday,21,310,1.94
Roman,2024,Thursday,22,343,2.15
Roman,2024,Thursday,23,470,2.94
Roman,2024,Tuesday,0,104,0.65
Roman,2024,Tuesday,1,8,0.05
Roman,2024,Tuesday,7,10,0.06
Roman,2024,Tuesday,8,24,0.15
Roman,2024,Tuesday,9,30,0.19
Roman,2024,Tuesday,10,37,0.23
Roman,2024,Tuesday,11,45,0.28
Roman,2024,Tuesday,12,54,0.34
Roman,2024,Tuesday,13,63,0.39
Roman,2024,Tuesday,14,69,0.43
Roman,2024,Tuesday,15,96,0.6
Roman,2024,Tuesday,16,105,0.66
Roman,2024,Tuesday,17,109,0.68
Roman,2024,Tuesday,18,264,1.65
Roman,2024,Tuesday,19,142,0.89
Roman,2024,Tuesday,20,207,1.3
Roman,2024,Tuesday,21,285,1.78
Roman,2024,Tuesday,22,402,2.52
Roman,2024,Tuesday,23,415,2.6
Roman,2024,Wednesday,0,205,1.28
Roman,2024,Wednesday,1,62,0.39
Roman,2024,Wednesday,7,2,0.01
Roman,2024,Wednesday,8,62,0.39
Roman,2024,Wednesday,9,38,0.24
Roman,2024,Wednesday,10,21,0.13
Roman,2024,Wednesday,11,93,0.58
Roman,2024,Wednesday,12,99,0.62
Roman,2024,Wednesday,13,74,0.46
Roman,2024,Wednesday,14,148,0.93
Roman,2024,Wednesday,15,189,1.18
Roman,2024,Wednesday,16,246,1.54
Roman,2024,Wednesday,17,213,1.33
Roman,2024,Wednesday,18,186,1.16
Roman,2024,Wednesday,19,216,1.35
Roman,2024,Wednesday,20,216,1.35
Roman,2024,Wednesday,21,203,1.27
Roman,2024,Wednesday,22,347,2.17
Roman,2024,Wednesday,23,323,2.02
Roman,2025,Friday,0,175,1.13
Roman,2025,Friday,1,4,0.03
Roman,2025,Friday,7,6,0.04
Roman,2025,Friday,8,6,0.04
Roman,2025,Friday,9,12,0.08
Roman,2025,Friday,10,16,0.1
Roman,2025,Friday,11,82,0.53
Roman,2025,Friday,12,103,0.66
Roman,2025,Friday,13,214,1.38
Roman,2025,Friday,14,283,1.82
Roman,2025,Friday,15,318,2.05
Roman,2025,Friday,16,250,1.61
Roman,2025,Friday,17,163,1.05
Roman,2025,Friday,18,134,0.86
Roman,2025,Friday,19,48,0.31
Roman,2025,Friday,20,12,0.08
Roman,2025,Friday,21,13,0.08
Roman,2025,Friday,22,2,0.01
Roman,2025,Friday,23,1,0.01
Roman,2025,Monday,0,174,1.12
Roman,2025,Monday,1,4,0.03
Roman,2025,Monday,8,123,0.79
Roman,2025,Monday,9,59,0.38
Roman,2025,Monday,10,102,0.66
Roman,2025,Monday,11,91,0.59
Roman,2025,Monday,12,131,0.84
Roman,2025,Monday,13,240,1.55
Roman,2025,Monday,14,229,1.48
Roman,2025,Monday,15,298,1.92
Roman,2025,Monday,16,144,0.93
Roman,2025,Monday,17,103,0.66
Roman,2025,Monday,18,97,0.62
Roman,2025,Monday,19,89,0.57
Roman,2025,Monday,20,133,0.86
Roman,2025,Monday,21,261,1.68
Roman,2025,Monday,22,222,1.43
Roman,2025,Monday,23,182,1.17
Roman,2025,Saturday,1,2,0.01
Roman,2025,Saturday,17,26,0.17
Roman,2025,Saturday,18,105,0.68
Roman,2025,Saturday,19,129,0.83
Roman,2025,Saturday,20,53,0.34
Roman,2025,Saturday,21,64,0.41
Roman,2025,Saturday,22,125,0.81
Roman,2025,Saturday,23,139,0.9
Roman,2025,Sunday,0,80,0.52
Roman,2025,Sunday,1,9,0.06
Roman,2025,Sunday,7,7,0.05
Roman,2025,Sunday,8,131,0.84
Roman,2025,Sunday,9,84,0.54
Roman,2025,Sunday,10,73,0.47
Roman,2025,Sunday,11,124,0.8
Roman,2025,Sunday,12,79,0.51
Roman,2025,Sunday,13,137,0.88
Roman,2025,Sunday,14,202,1.3
Roman,2025,Sunday,15,186,1.2
Roman,2025,Sunday,16,201,1.29
Roman,2025,Sunday,17,254,1.64
Roman,2025,Sunday,18,254,1.64
Roman,2025,Sunday,19,261,1.68
Roman,2025,Sunday,20,184,1.19
Roman,2025,Sunday,21,246,1.58
Roman,2025,Sunday,22,201,1.29
Roman,2025,Sunday,23,264,1.7
Roman,2025,Thursday,0,148,0.95
Roman,2025,Thursday,1,23,0.15
Roman,2025,Thursday,3,1,0.01
Roman,2025,Thursday,8,73,0.47
Roman,2025,Thursday,9,126,0.81
Roman,2025,Thursday,10,115,0.74
Roman,2025,Thursday,11,125,0.81
Roman,2025,Thursday,12,48,0.31
Roman,2025,Thursday,13,68,0.44
Roman,2025,Thursday,14,91,0.59
Roman,2025,Thursday,15,146,0.94
Roman,2025,Thursday,16,141,0.91
Roman,2025,Thursday,17,133,0.86
Roman,2025,Thursday,18,138,0.89
Roman,2025,Thursday,19,161,1.04
Roman,2025,Thursday,20,188,1.21
Roman,2025,Thursday,21,170,1.1
Roman,2025,Thursday,22,232,1.49
Roman,2025,Thursday,23,240,1.55
Roman,2025,Tuesday,0,78,0.5
Roman,2025,Tuesday,1,13,0.08
Roman,2025,Tuesday,8,29,0.19
Roman,2025,Tuesday,9,63,0.41
Roman,2025,Tuesday,10,144,0.93
Roman,2025,Tuesday,11,156,1.0
Roman,2025,Tuesday,12,127,0.82
Roman,2025,Tuesday,13,197,1.27
Roman,2025,Tuesday,14,280,1.8
Roman,2025,Tuesday,15,287,1.85
Roman,2025,Tuesday,16,210,1.35
Roman,2025,Tuesday,17,194,1.25
Roman,2025,Tuesday,18,135,0.87
Roman,2025,Tuesday,19,127,0.82
Roman,2025,Tuesday,20,145,0.93
Roman,2025,Tuesday,21,180,1.16
Roman,2025,Tuesday,22,138,0.89
Roman,2025,Tuesday,23,164,1.06
Roman,2025,Wednesday,0,73,0.47
Roman,2025,Wednesday,1,7,0.05
Roman,2025,Wednesday,7,3,0.02
Roman,2025,Wednesday,8,4,0.03
Roman,2025,Wednesday,9,30,0.19
Roman,2025,Wednesday,10,40,0.26
Roman,2025,Wednesday,11,52,0.33
Roman,2025,Wednesday,12,112,0.72
Roman,2025,Wednesday,13,115,0.74
Roman,2025,Wednesday,14,106,0.68
Roman,2025,Wednesday,15,150,0.97
Roman,2025,Wednesday,16,231,1.49
Roman,2025,Wednesday,17,202,1.3
Roman,2025,Wednesday,18,229,1.48
Roman,2025,Wednesday,19,159,1.02
Roman,2025,Wednesday,20,157,1.01
Roman,2025,Wednesday,21,169,1.09
Roman,2025,Wednesday,22,187,1.2
Roman,2025,Wednesday,23,320,2.06
Roman,2026,Friday,0,4,0.05
Roman,2026,Friday,7,2,0.03
Roman,2026,Friday,8,3,0.04
Roman,2026,Friday,9,3,0.04
Roman,2026,Friday,10,1,0.01
Roman,2026,Friday,11,45,0.59
Roman,2026,Friday,12,67,0.88
Roman,2026,Friday,13,127,1.66
Roman,2026,Friday,14,137,1.8
Roman,2026,Friday,15,107,1.4
Roman,2026,Friday,16,160,2.1
Roman,2026,Friday,17,33,0.43
Roman,2026,Friday,18,21,0.28
Roman,2026,Friday,20,2,0.03
Roman,2026,Monday,0,10,0.13
Roman,2026,Monday,8,15,0.2
Roman,2026,Monday,9,8,0.1
Roman,2026,Monday,10,63,0.83
Roman,2026,Monday,11,95,1.24
Roman,2026,Monday,12,106,1.39
Roman,2026,Monday,13,83,1.09
Roman,2026,Monday,14,96,1.26
Roman,2026,Monday,15,128,1.68
Roman,2026,Monday,16,109,1.43
Roman,2026,Monday,17,67,0.88
Roman,2026,Monday,18,74,0.97
Roman,2026,Monday,19,83,1.09
Roman,2026,Monday,20,47,0.62
Roman,2026,Monday,21,100,1.31
Roman,2026,Monday,22,131,1.72
Roman,2026,Monday,23,41,0.54
Roman,2026,Saturday,11,1,0.01
Roman,2026,Saturday,18,18,0.24
Roman,2026,Saturday,19,72,0.94
Roman,2026,Saturday,20,39,0.51
Roman,2026,Saturday,21,94,1.23
Roman,2026,Saturday,22,166,2.18
Roman,2026,Saturday,23,70,0.92
Roman,2026,Sunday,0,4,0.05
Roman,2026,Sunday,8,32,0.42
Roman,2026,Sunday,9,38,0.5
Roman,2026,Sunday,10,52,0.68
Roman,2026,Sunday,11,58,0.76
Roman,2026,Sunday,12,53,0.69
Roman,2026,Sunday,13,151,1.98
Roman,2026,Sunday,14,184,2.41
Roman,2026,Sunday,15,206,2.7
Roman,2026,Sunday,16,178,2.33
Roman,2026,Sunday,17,159,2.08
Roman,2026,Sunday,18,86,1.13
Roman,2026,Sunday,19,96,1.26
Roman,2026,Sunday,20,46,0.6
Roman,2026,Sunday,21,124,1.62
Roman,2026,Sunday,22,110,1.44
Roman,2026,Sunday,23,38,0.5
Roman,2026,Thursday,0,2,0.03
Roman,2026,Thursday,8,55,0.72
Roman,2026,Thursday,9,62,0.81
Roman,2026,Thursday,10,95,1.24
Roman,2026,Thursday,11,41,0.54
Roman,2026,Thursday,12,23,0.3
Roman,2026,Thursday,13,69,0.9
Roman,2026,Thursday,14,69,0.9
Roman,2026,Thursday,15,66,0.86
Roman,2026,Thursday,16,82,1.07
Roman,2026,Thursday,17,47,0.62
Roman,2026,Thursday,18,23,0.3
Roman,2026,Thursday,19,15,0.2
Roman,2026,Thursday,20,36,0.47
Roman,2026,Thursday,21,68,0.89
Roman,2026,Thursday,22,98,1.28
Roman,2026,Thursday,23,73,0.96
Roman,2026,Tuesday,0,3,0.04
Roman,2026,Tuesday,8,24,0.31
Roman,2026,Tuesday,9,7,0.09
Roman,2026,Tuesday,10,30,0.39
Roman,2026,Tuesday,11,41,0.54
Roman,2026,Tuesday,12,95,1.24
Roman,2026,Tuesday,13,130,1.7
Roman,2026,Tuesday,14,206,2.7
Roman,2026,Tuesday,15,147,1.93
Roman,2026,Tuesday,16,188,2.46
Roman,2026,Tuesday,17,108,1.42
Roman,2026,Tuesday,18,152,1.99
Roman,2026,Tuesday,19,88,1.15
Roman,2026,Tuesday,20,24,0.31
Roman,2026,Tuesday,21,90,1.18
Roman,2026,Tuesday,22,112,1.47
Roman,2026,Tuesday,23,29,0.38
Roman,2026,Wednesday,0,1,0.01
Roman,2026,Wednesday,6,1,0.01
Roman,2026,Wednesday,7,10,0.13
Roman,2026,Wednesday,8,1,0.01
Roman,2026,Wednesday,9,40,0.52
Roman,2026,Wednesday,10,23,0.3
Roman,2026,Wednesday,11,50,0.66
Roman,2026,Wednesday,12,52,0.68
Roman,2026,Wednesday,13,71,0.93
Roman,2026,Wednesday,14,108,1.42
Roman,2026,Wednesday,15,168,2.2
Roman,2026,Wednesday,16,156,2.04
Roman,2026,Wednesday,17,125,1.64
Roman,2026,Wednesday,18,40,0.52
Roman,2026,Wednesday,19,68,0.89
Roman,2026,Wednesday,20,56,0.73
Roman,2026,Wednesday,21,66,0.86
Roman,2026,Wednesday,22,100,1.31
Roman,2026,Wednesday,23,55,0.72
